Variant (cDNA name),Protein Name,Legacy name,Nucleotide change,Consequence,Key Word,Text referring to,Complex allele found or not,Your judgement reason,Complex allele cDNA name,Trans partner (not part of complex allele),Confidence,Partner tokens (raw),Screen source,CFTR2 determination (this variant),sp_id,source_url
c.53+4A>T,,185+4A->T,53+4A>T,splicing (putative),in cis,185+4A->T was found in a CBAVD patient also carrying F508del in cis. (pers. corr. Claustres),Yes,"Phenotype explicitly states 185+4A->T (c.53+4A>T) 'was found in a CBAVD patient also carrying F508del in cis.' So F508del is the cis partner (unusual: here ΔF508 is IN CIS, not trans). Verdict yes.",c.53+4A>T;c.1521_1523del,,high,F508del,pass1: keyword screen + cis-corrected,No interpretation available,16,http://www.genet.sickkids.on.ca/MutationDetailPage.external?sp=16
c.263T>A,p.Leu88X,L88X(T->A),263T>A,nonsense,found together with,"L88X(T->A) was found together with G1069R in a 16 years old male  patient carrying deltaF508 on the other allele, diagnosed at 4 mths of age.",Yes,"L88X 'was found together with G1069R' in a patient 'carrying deltaF508 on the other allele.' Since ΔF508 is trans, L88X + G1069R occupy the remaining allele together → cis. Verdict yes; cis=G1069R, trans=ΔF508 (inference case).",c.263T>A;c.3205G>A,deltaF508 / F508del (on the other allele),high,G1069R,pass1: keyword screen + cis-corrected,,60,http://www.genet.sickkids.on.ca/MutationDetailPage.external?sp=60
c.310delA,p.Arg104GlufsX3,441delA,310delA,frameshift,on the same chromosome,Another change (silent) on the same chromosome with 441delA mutant allele is T to A at position 486 in exon 4 (TCT to TCA; both serine codons).,Yes,"other_details: silent change 'T to A at position 486' is 'on the same chromosome with 441delA mutant allele' (cis); ΔF508 is 'on the other chromosome' (trans). Genotype '441delA,486T->A/delF508' confirms. Verdict yes; cis=486T>A, trans=F508del.",c.310delA;[486T>A],"F508del (delta F508, 'on the other chromosome')",high,486T->A; T to A at position 486,pass1: keyword screen + cis-corrected,,78,http://www.genet.sickkids.on.ca/MutationDetailPage.external?sp=78
c.526delA,p.Ser176ValfsX13,657delA,526delA,frameshift,same chromosome,"The mutation was found on the same chromosome carrying 406-6T->C, in a male CF patient whose other mutation is 1154insTC.",Yes,"657delA (c.526delA) 'was found on the same chromosome carrying 406-6T->C' (explicit cis); the patient's other mutation 1154insTC is 'on the other allele' (trans). Verdict yes; cis=406-6T>C, trans=1154insTC.",c.526delA;c.274-6T>C,1154insTC (on the other allele),high,406-6T->C,pass1: keyword screen + cis-corrected,,122,http://www.genet.sickkids.on.ca/MutationDetailPage.external?sp=122
c.[1075C>A;1079C>A],p.[Gln359Lys;Thr360Lys],Q359K/T360K,[1075C>A;1079C>A],substitution,together,"These two mutation were discovered together on 6 CF chromosomes, from 3 unrelated Jewish CF families from Georgia, Russia.  All the CF children in these families were homozygous for these two mutations.",Yes,primary_cdna is already the double-change complex allele c.[1075C>A;1079C>A] (p.[Gln359Lys;Thr360Lys]); the two changes were 'discovered together on 6 CF chromosomes' and patients were homozygous. The primary name already encodes both changes → cis_partners empty; verdict yes.,c.[1075C>A;1079C>A],,high,Q359K; T360K; 1075C>A; 1079C>A; Gln359Lys; Thr360Lys,pass1: keyword screen + cis-corrected,,197,http://www.genet.sickkids.on.ca/MutationDetailPage.external?sp=197
c.1209+18A>C,,1341+18A->C,1209+18A>C,splicing (putative),associated with,"1341+18A>C was identified associated with G1349D in a 26 years old male with CBAVD, who is PS and has no lung disease. He carries R117H-7T on the other allele.",Yes,"1341+18A>C (c.1209+18A>C) was 'identified associated with G1349D'; the patient 'carries R117H-7T on the other allele' (trans). Because R117H-7T is trans, the primary + G1349D lie on the remaining allele → cis. Verdict yes; cis=G1349D, trans=R117H-7T (inference case).",c.1209+18A>C;c.4046G>A,R117H-7T (on the other allele),high,G1349D,pass1: keyword screen + cis-corrected,No interpretation available,212,http://www.genet.sickkids.on.ca/MutationDetailPage.external?sp=212
c.1210-2A>C,,1342-2A->C,1210-2A>C,splicing (putative),preceded by,1342-2 A->C is preceded by a (TG)12T7 sequence linked to the haplotype 1-1-2-1 (XV2c/KM19/D9/J44) and six GATT repeats.,Yes,"Splice mutation 1342-2A->C (c.1210-2A>C) 'is preceded by a (TG)12T7 sequence' on its chromosome (cis context). Per the rule, in-cis poly-T/TG-repeat tracts count as cis partners → cis=(TG)12T7. In the second (compound-het) patient Y1092X is on the other allele (trans). Verdict yes.",c.1210-2A>C;[(TG)12T7],"Y1092X (on the other allele, compound-het patient)",medium,(TG)12T7; 7T,pass1: keyword screen + cis-corrected,CF-causing,214,http://www.genet.sickkids.on.ca/MutationDetailPage.external?sp=214
c.1327G>T,p.Asp443Tyr,D443Y,1327G>T,missense,in cis,This mutation is frequently associated in cis with other missense mutations (G576A and R668C).,Yes,"other_details states D443Y (c.1327G>T) 'is frequently associated in cis with other missense mutations (G576A and R668C)' — explicit cis. ΔF508 is 'on the other chromosome' (trans); phenotype patient carries D443Y+G576A with ΔF508 trans. Verdict yes; cis=G576A,R668C; trans=F508del.",c.1327G>T;c.1727G>C;c.2002C>T,"F508del (delta F508, 'on the other chromosome')",high,G576A; R668C,pass1: keyword screen + cis-corrected,Varying clinical consequence,218,http://www.genet.sickkids.on.ca/MutationDetailPage.external?sp=218
c.1477_1478delCA,p.Gln493ValfsX10,1609delCA,1477_1478delCA,frameshift,homozygous for this mutation ... was also homozygous for the M470V polymorphism,This CF patient was also homozygous for the M470V polymorphism (A to G at 1540) which is[localized] in exon 10.,Yes,"Patient is homozygous for 1609delCA (c.1477_1478delCA) AND homozygous for M470V (1540A>G); homozygosity at both loci forces both variants onto every chromosome, so M470V is necessarily in cis on each allele. M470V is a common but real CFTR variant. Verdict yes; cis=M470V.",c.1477_1478delCA;c.1408A>G,,medium,M470V; 1540A>G; A to G at 1540,pass2: AI (no keyword) + cis-corrected,,238,http://www.genet.sickkids.on.ca/MutationDetailPage.external?sp=238
c.1647T>G,p.Ser549Arg,S549R(T->G),1647T>G,missense,same allele,"-102T>A was found on the same allele as S549R(T>G), R334W was found on the other allele.",Yes,"Across multiple patients '-102T>A was found on the same allele as S549R(T>G)' (explicit cis; patient 13 is homozygous for both). Other-allele (trans) partners vary by patient: R334W, ΔF508, G542X, S945L, R1158X. Verdict yes; cis=-102T>A.",c.1647T>G;c.-234T>A,R334W; F508del (DeltaF508); G542X; S945L; R1158X,high,-102T>A,pass1: keyword screen + cis-corrected,,264,http://www.genet.sickkids.on.ca/MutationDetailPage.external?sp=264
c.1658G>A,p.Arg553Gln,R553Q,1658G>A,missense,same allele,"DeltaF508 was found on the same allele as R553Q, R558X was found on the other allele.",Yes,"R553Q (c.1658G>A) was found 'on the maternal ΔF508 CF chromosome' and phenotype confirms 'DeltaF508 was found on the same allele as R553Q' → F508del is the cis partner (ΔF508 IN CIS here). The paternal/other allele carries R558X (other_details '553X') → trans. Verdict yes; cis=F508del, trans=R558X.",c.1658G>A;c.1521_1523del,R558X (text also gives '553X'; paternal / other allele),high,DeltaF508; [delta]F508,pass1: keyword screen + cis-corrected,No interpretation available,274,http://www.genet.sickkids.on.ca/MutationDetailPage.external?sp=274
c.1679+1.6kbA>G,,1811+1.6kbA->G,1679+1.6kbA>G,splicing (putative),together,"Mutation 1811+1.2kbA->G has been detected in chromosomes with the 3601-111G->C change (in intron 18) ... the 3601-111G-> change is strongly associated with mutation 1811+1.2kbA->G, as both changes have always been detected together",Yes,1811+1.2kbA->G (c.1679+1.6kbA>G) 'has been detected in chromosomes with the 3601-111G->C change' and 'both changes have always been detected together' — a same-chromosome (cis) linked benign intronic change. Verdict yes; cis=3601-111G>C.,c.1679+1.6kbA>G;c.3469-111G>C,,high,3601-111G->C,pass1: keyword screen + cis-corrected,,283,http://www.genet.sickkids.on.ca/MutationDetailPage.external?sp=283
c.1730A>T,p.Tyr577Phe,Y577F,1730A>T,missense,same allele,"1874insT was found on the same allele as Y577F, DeltaF508 was found on the other allele.",Yes,"Phenotype: '1874insT was found on the same allele as Y577F' (explicit cis); ΔF508 'on the other allele' (trans). Verdict yes; cis=1874insT (c.1739_1740insT), trans=F508del.",c.1730A>T;c.1739_1740insT,"F508del (DeltaF508, 'on the other allele')",high,1874insT,pass1: keyword screen + cis-corrected,No interpretation available,302,http://www.genet.sickkids.on.ca/MutationDetailPage.external?sp=302
c.1739_1740insT,p.Leu581PhefsX8,1874insT,1739_1740insT,frameshift,found together,Mutation Y577F and 1874insT were found together in another CF patient from Austria; this boy is also heterozygous for [delta]F508.,Yes,"Reciprocal of sp_id 302: 'Mutation Y577F and 1874insT were found together' in a patient carrying ΔF508 on the other allele (trans). So Y577F is in cis with the primary 1874insT (c.1739_1740insT). Verdict yes; cis=Y577F, trans=F508del.",c.1739_1740insT;c.1730A>T,"F508del (delF508, 'on the other allele')",high,Y577F,pass1: keyword screen + cis-corrected,,305,http://www.genet.sickkids.on.ca/MutationDetailPage.external?sp=305
c.1856T>C,p.Leu619Ser,L619S,1856T>C,missense,on the same allele,carries the 1716G->A polymorphism on the same allele (haplotype D) and an unknown mutation on the other chromosome,Yes,"other_details and phenotype state L619S carries the 1716G>A polymorphism 'on the same allele (haplotype D)'; the other chromosome carries CFTRdele2,3(21kb)/unknown mutation (trans). The 3417A>T silent change mentioned in other_details is a separate polymorphism on a different haplotype (1-1-2), not stated to be in cis with L619S.",c.1856T>C;c.1584G>A,"CFTRdele2,3(21kb)",high,1716G->A; 1716G>A,pass1: keyword screen + cis-corrected,CF-causing,322,http://www.genet.sickkids.on.ca/MutationDetailPage.external?sp=322
c.2145_2146delAAinsGT,p.Lys716X,K716X,2145_2146delAAinsGT,nonsense/truncating,associated with,The mutation was found associated with Q715Q in a French male CF patient carrying deltaF508 on the other allele.,Yes,"K716X 'found associated with Q715Q' (adjacent codon) in a patient 'carrying deltaF508 on the other allele.' Since deltaF508 occupies the other allele, K716X+Q715Q must be together in cis (inference case). Q715Q cis; deltaF508 trans.",c.2145_2146delAAinsGT;[Q715Q],deltaF508,high,Q715Q,pass1: keyword screen + cis-corrected,,346,http://www.genet.sickkids.on.ca/MutationDetailPage.external?sp=346
c.2374C>T,p.Arg792X,R792X,2374C>T,nonsense,"R792X,L967S/621+2T>G","a 15 years old female patient with the R792X,L967S/621+2T>G genotype",Yes,"Genotype written 'R792X,L967S/621+2T>G' — R792X and L967S grouped on one allele (cis), 621+2T>G on the other allele (trans).",c.2374C>T;c.2900T>C,621+2T>G,medium,L967S,pass2: AI (no keyword) + cis-corrected,CF-causing,357,http://www.genet.sickkids.on.ca/MutationDetailPage.external?sp=357
c.2735C>T,p.Ser912Leu,S912L,2735C>T,missense,same allele,The patient carries G1244V on the same allele as S912L and G542X on the other.,Yes,"Phenotype: patient 'carries G1244V on the same allele as S912L and G542X on the other.' G1244V cis; G542X trans. (A separate unrelated R709X/S912L asymptomatic patient suggests S912L may be a polymorphism, but the explicit complex allele here is G1244V+S912L.)",c.2735C>T;c.3731G>T,G542X,high,G1244V,pass1: keyword screen + cis-corrected,Varying clinical consequence,392,http://www.genet.sickkids.on.ca/MutationDetailPage.external?sp=392
c.3140-1G>A,,3272-1G->A,3140-1G>A,splicing (putative),found on one CF chromosome,The two mutations have been found on one CF chromosomes after DGGE screening and DNA sequencing. The first is a nucleotide change at the 5' splice site consensus sequence (3272-1 G->A). The second is a nucleotide change at position 3286 T->G leading to F1052V amino acid change.,Yes,other_details: the two changes 3272-1G>A (primary) and 3286T>G (F1052V) were 'found on one CF chromosome' — explicit same chromosome (cis). No trans partner stated.,c.3140-1G>A;c.3154T>G,,high,3286 T->G; F1052V,pass1: keyword screen + cis-corrected,CF-causing,437,http://www.genet.sickkids.on.ca/MutationDetailPage.external?sp=437
c.3430C>T,p.Gln1144X,Q1144X,3430C>T,nonsense,same chromosome,"The mutation was found on the same chromosome carrying R75Q, in a male CF patient whose other mutation is [delta]F508.",Yes,other_details and phenotype: Q1144X 'found on the same chromosome carrying R75Q' with DeltaF508 as the other mutation. R75Q cis; DeltaF508 trans.,c.3430C>T;c.224G>A,DeltaF508,high,R75Q,pass1: keyword screen + cis-corrected,CF-causing,484,http://www.genet.sickkids.on.ca/MutationDetailPage.external?sp=484
c.3600A>G,p.Asp1201MetfsX10,3732delA,3600A>G,frameshift,in cis,This mutation was found together with K1220E on the same non-[delta]F508 CF chromosome. ... 3732delA was in cis with 3791C/T (K1220E).,Yes,phenotype: '3732delA was in cis with 3791C/T (K1220E)' and '1717-1G>A on the other allele'; other_details: '3732delA found together with K1220E on the same non-deltaF508 CF chromosome.' K1220E cis; 1717-1G>A trans.,c.3600A>G;c.3659C>T,1717-1G>A,high,K1220E; 3791C/T,pass1: keyword screen + cis-corrected,,504,http://www.genet.sickkids.on.ca/MutationDetailPage.external?sp=504
c.3634G>A,p.Val1212Ile,V1212I,3634G>A,missense,second alteration ... [delta]F508 homozygotes,The V1212I mutation was detected as a second alteration in two Czech CF siblings who are [delta]F508 homozygotes.,Yes,"V1212I detected 'as a second alteration' in two deltaF508 HOMOZYGOUS siblings. Because both CFTR alleles carry deltaF508, V1212I necessarily sits on one deltaF508 chromosome → in cis with deltaF508; the second (plain) deltaF508 allele is trans.",c.3634G>A;c.1521_1523del,F508del,high,[delta]F508; DelF508,pass2: AI (no keyword) + cis-corrected,No interpretation available,509,http://www.genet.sickkids.on.ca/MutationDetailPage.external?sp=509
c.3731G>T,p.Gly1244Val,G1244V,3731G>T,missense,same allele,Tha patient carries S912L on the same allele and G542X on the other allele.,Yes,phenotype: patient 'carries S912L on the same allele and G542X on the other allele'; other_details: 'paternal CF chromosome carries the G542X.' S912L cis; G542X trans. (Reciprocal record of sp_id 392.),c.3731G>T;c.2735C>T,G542X,high,S912L,pass1: keyword screen + cis-corrected,No interpretation available,524,http://www.genet.sickkids.on.ca/MutationDetailPage.external?sp=524
c.3764C>A,p.Ser1255X,S1255X,3764C>A,nonsense,occurs on a chromosome carrying,"In addition, this alteration occurs on a chromosome carrying a nonsense mutation in exon 20 (S1255X).",Yes,other_details: I1203V 'occurs on a chromosome carrying a nonsense mutation in exon 20 (S1255X)' — explicit same chromosome (cis). No trans partner stated (phenotype empty).,c.3764C>A;c.3607A>G,,high,I1203V,pass1: keyword screen + cis-corrected,CF-causing,531,http://www.genet.sickkids.on.ca/MutationDetailPage.external?sp=531
c.4147_4148insA,p.Ile1383AsnfsX3,4279insA,4147_4148insA,frameshift,on a CFTR allele with,we observed this mutation on a CFTR allele with the 297-3c->T putative splice mutation reported by Bienvenu et al,Yes,"other_details: 4279insA observed 'on a CFTR allele with the 297-3c->T putative splice mutation' — same allele (cis), even though they are unsure whether 297-3C>T is a polymorphism. No trans partner stated.",c.4147_4148insA;c.165-3C>T,,high,297-3c->T,pass2: AI (no keyword) + cis-corrected,,570,http://www.genet.sickkids.on.ca/MutationDetailPage.external?sp=570
c.3937C>A,p.Gln1313Lys,Q1313K,3937C>A,missense,same chromosome,The mutation was found on the same chromosome carrying [delta]F508.,Yes,"phenotype: patient 'carries the Q1313K polymorphism in cis with DeltaF508 and on the other allele was found 2789+5G->A'; other_details West Midlands patient: 'found on the same chromosome carrying deltaF508.' Q1313K+deltaF508 cis; 2789+5G>A trans. (A separate French/Bienvenu patient carried Q1313K with deltaF508 in trans, but the cis complex allele is explicit.)",c.3937C>A;c.1521_1523del,2789+5G>A,high,[delta]F508; DeltaF508,pass1: keyword screen + cis-corrected,No interpretation available,683,http://www.genet.sickkids.on.ca/MutationDetailPage.external?sp=683
c.1079C>G,p.Thr360Arg,T360R,1079C>G,missense,found on a CF chromosome also bearing [delta]F508,This sequence change was found on a CF chromosome also bearing [delta]F508,Yes,"other_details (Chevalier-Porst): T360R 'was found on a CF chromosome also bearing deltaF508' — explicit same chromosome (cis complex allele). A separate Ferec patient (phenotype) carried deltaF508 on the other allele (trans), but that is a different patient; the cis complex allele T360R+deltaF508 is explicitly documented.",c.1079C>G;c.1521_1523del,,medium,[delta]F508,pass2: AI (no keyword) + cis-corrected,,704,http://www.genet.sickkids.on.ca/MutationDetailPage.external?sp=704
c.-234T>A,,-102T->A,-234T>A,substitution (non-coding/unknown),associated with the S549R(T->G) mutation ... who carries S945L on the other chromosome,It was associated with the S549R(T->G) mutation in a CF patient who carries S945L on the other chromosome.,Yes,"Patient 1: -102T>A (c.-234T>A) 'associated with the S549R(T->G) mutation' in a patient 'who carries S945L on the other chromosome' — so -102T>A and S549R(T>G) sit on the one chromosome not carrying S945L, i.e. they are in cis (S945L is trans). Patient 2 (genotype S549R/deltaF508) had undetermined phase for -102T>A. Cis is established by patient 1 via the other-allele inference.",c.-234T>A;c.1647T>G,S945L; F508del,high,S549R(T->G); S945L; [delta]F508,pass2: AI (no keyword) + cis-corrected,No interpretation available,712,http://www.genet.sickkids.on.ca/MutationDetailPage.external?sp=712
c.889C>T,p.Arg297Trp,R297W,889C>T,missense,Both chromosomes also carry,Both chromosomes also carry the Q1352H missense variant in exon 22.,Yes,"Patient is heterozygous R297W / 5T with 5T 'on the other allele' (trans). 'Both chromosomes also carry the Q1352H missense variant,' so Q1352H is present on the R297W allele = cis partner.",c.889C>T;c.4056G>C,5T,high,Q1352H,pass1: keyword screen + cis-corrected,,749,http://www.genet.sickkids.on.ca/MutationDetailPage.external?sp=749
c.2991G>C,p.Leu997Phe,L997F,2991G>C,missense,Leu or Phe at 997 and Ile or Thr at 1027; 3123G/C & 3212T/C reported as polymorphisms by Fanen et al.,Leu or Phe at 997 and Ile or Thr at 1027. 3123G/C & 3212T/C were reported as polymorphisms by Fanen et al. in 1992,Yes,"L997F (3123G>C = c.2991G>C) and I1027T (3212T>C) are reported together as a polymorphism pair in a CF patient whose OTHER mutation is deltaF508. deltaF508 is the trans allele, so by the inference rule L997F and I1027T lie together on the non-F508 allele -> cis partner I1027T; deltaF508 trans.",c.2991G>C;c.3080T>C,F508del (deltaF508),low,I1027T; 3212T/C,pass2: AI (no keyword) + cis-corrected,Non CF-causing,776,http://www.genet.sickkids.on.ca/MutationDetailPage.external?sp=776
c.2981T>G,p.Phe994Cys,F994C,2981T>G,missense,same allele,5T was found on the same allele as F994C. DeltaF508 was found on the other allele.,Yes,Phenotype explicitly states '5T was found on the same allele as F994C' (cis) and 'DeltaF508 was found on the other allele' (trans).,c.2981T>G;c.1210-12T[5],F508del,high,5T,pass1: keyword screen + cis-corrected,,797,http://www.genet.sickkids.on.ca/MutationDetailPage.external?sp=797
c.4264C>T,p.Arg1422Trp,R1422W,4264C>T,missense,on the same allele,"DeltaF508 and 3212C/T were found on the same allele as R1422W, D993Y was found on the other allele.",Yes,"Phenotype explicitly states 'DeltaF508 and 3212C/T were found on the same allele as R1422W, D993Y was found on the other allele' — so F508del and 3212C>T are in cis with R1422W (a complex allele) and D993Y is trans. Note: other_details said phase was undetermined (no parental DNA), but the more specific phenotype note resolves it as cis; even the most conservative reading leaves 3212C>T as a stated same-allele partner.",c.4264C>T;c.1521_1523del;[3212C>T],D993Y,high,DeltaF508; 3212C/T,pass1: keyword screen + cis-corrected,,814,http://www.genet.sickkids.on.ca/MutationDetailPage.external?sp=814
c.3067_3072delATAGTG,p.Ile1023_Val1024del,3199del6,3067_3072delATAGTG,deletion (in-frame),on the same CF allele,This in-frame deletion was found associated with I148T on the same CF allele.,Yes,"3199del6 (c.3067_3072delATAGTG) 'was found associated with I148T on the same CF allele' (cis). Genotype 'I148T,3199del6/deltaF508' confirms deltaF508 on the other allele (trans).",c.3067_3072delATAGTG;c.443T>C,F508del,high,I148T,pass1: keyword screen + cis-corrected,,828,http://www.genet.sickkids.on.ca/MutationDetailPage.external?sp=828
c.1052C>G,p.Thr351Ser,T351S,1052C>G,missense,bearing the R1162X mutation,it was observed on one chromosome of a healthy obligate carrier (the father of a CF child) bearing the R1162X mutation,Yes,"T351S was observed on the chromosome bearing R1162X in a HEALTHY obligate carrier (father of a CF child). If it were in trans the carrier would be a compound heterozygote (affected), but he is healthy, so T351S must be in cis with R1162X -> yes. The record itself notes it 'was observed on one chromosome ... bearing the R1162X mutation.'",c.1052C>G;c.3484C>T,,low,R1162X,pass2: AI (no keyword) + cis-corrected,No interpretation available,864,http://www.genet.sickkids.on.ca/MutationDetailPage.external?sp=864
c.28A>C,p.Ser10Arg,S10R,28A>C,missense,on the S10R allele,"R117H is also found on the S10R allele, with [delta]F508 on the other chromosome.",Yes,'R117H is also found on the S10R allele' (explicit cis) 'with [delta]F508 on the other chromosome' (trans).,c.28A>C;c.350G>A,F508del,high,R117H,pass1: keyword screen + cis-corrected,,872,http://www.genet.sickkids.on.ca/MutationDetailPage.external?sp=872
c.2620-15C>G,,2752-15C/G,2620-15C>G,splicing (putative),on the same allele,This transversion was associated with the previously reported mutation K68N on the same allele in a single CF family of Turkish/Syrian descent.,Yes,"2752-15C>G (c.2620-15C>G) 'was associated with the previously reported mutation K68N on the same allele' in a Turkish/Syrian family (explicit cis). The later Schwarz note describes a different (Turkish/Egyptian) man who had W1089X and 2752-15C>G in trans — that is a separate individual, recorded as trans for audit only.",c.2620-15C>G;c.204A>T,W1089X,high,K68N,pass1: keyword screen + cis-corrected,No interpretation available,929,http://www.genet.sickkids.on.ca/MutationDetailPage.external?sp=929
c.3873+121T[6_8],,4005+121delTT,3873+121T[6_8],splicing (putative),found in a non-deltaF508 CF chromosome ... in which the 3905insT was identified,it was found in a non-[deltaF508 CF chromosome of a one year old CF patient in which the 3905insT was identified.  The other CF chromosome was found to be [delta]F508.  The 4005+121delTT was confirmed to be present in the non-[delta]F508 chromosome of the patient's mother.,Yes,"4005+121delTT was 'found in a non-[delta]F508 CF chromosome ... in which the 3905insT was identified' — both variants on the same (non-deltaF508) chromosome = cis; 'the other CF chromosome was found to be [delta]F508' (trans). The investigators' stated uncertainty concerns pathogenicity of 4005+121delTT, not the phase, which is clear.",c.3873+121T[6_8];c.3773_3774insT,F508del,high,3905insT,pass2: AI (no keyword) + cis-corrected,,947,http://www.genet.sickkids.on.ca/MutationDetailPage.external?sp=947
c.1501A>G,p.Thr501Ala,T501A,1501A>G,missense,on the same allele,3499+37G>A was found on the same allele as T501A.,Yes,T501A patient 'carries the rare polymorphism 3499+37G->A in intron 17b on the same chromosome' (explicit cis); '1811+1.6KbA->G in intron 11 was found in trans.' Phenotype confirms '3499+37G>A on the same allele as T501A' and '1811+16KbA on the other allele.',c.1501A>G;c.3367+37G>A,1811+1.6kbA>G,high,3499+37G->A; 3499+37G>A,pass1: keyword screen + cis-corrected,No interpretation available,982,http://www.genet.sickkids.on.ca/MutationDetailPage.external?sp=982
c.744-3C>T,,876-3C->T,744-3C>T,splicing (putative),complex allele,Tthis substitution was found on an allele also bearing 876-14del12. This chromosome was given to a CF child with [delta]F508 on the other allele. No other substitution has been identified on this complex allele.,Yes,Text states the 876-3C->T substitution 'was found on an allele also bearing 876-14del12' and this chromosome was passed to a child with deltaF508 on the other allele. So 876-14del12 is in cis; deltaF508 is trans.,c.744-3C>T;c.744-14_744-3del,[delta]F508 (F508del) on the other allele,high,876-14del12,pass1: keyword screen + cis-corrected,,1036,http://www.genet.sickkids.on.ca/MutationDetailPage.external?sp=1036
c.2279C>T,p.Thr760Met,T760M,2279C>T,missense,same chromosome,The patient had 1677delTA on the same chromosome and [delta]F508 on the other.,Yes,The patient 'had 1677delTA on the same chromosome and [delta]F508 on the other.' 1677delTA is in cis with T760M; deltaF508 is trans.,c.2279C>T;c.1545_1546delTA,[delta]F508 (F508del),high,1677delTA,pass1: keyword screen + cis-corrected,No interpretation available,1049,http://www.genet.sickkids.on.ca/MutationDetailPage.external?sp=1049
c.3876delA,p.Val1293TyrfsX35,4006delA,3876delA,frameshift,same chromosome,"It was found in one CF patient (with IVS8-5T on the same chromosome and [delta]F508 on the other); mild lung disease, pancreatic insufficency and sweat chlorideas of 95.",Yes,4006delA found 'with IVS8-5T on the same chromosome and [delta]F508 on the other.' The 5T poly-T tract is in cis; deltaF508 is trans.,c.3876delA;c.1210-12T[5],[delta]F508 (F508del),high,IVS8-5T,pass1: keyword screen + cis-corrected,,1051,http://www.genet.sickkids.on.ca/MutationDetailPage.external?sp=1051
c.1766G>T,p.Ser589Ile,S589I,1766G>T,missense,in cis,The mutation was identified in cis with G576A and R668C in a female CF patient carrying deltaF508 on the other allele.,Yes,Phenotype note (pers. corr. Schwarz) states S589I was 'identified in cis with G576A and R668C' in a patient carrying deltaF508 on the other allele. G576A and R668C are cis partners (the other_details 'phase yet to be established' is later resolved to cis); deltaF508 is trans.,c.1766G>T;c.1727G>C;c.2002C>T,[delta]F508 (F508del),high,G576A; R668C,pass1: keyword screen + cis-corrected,No interpretation available,1059,http://www.genet.sickkids.on.ca/MutationDetailPage.external?sp=1059
c.482A>C,p.Tyr161Ser,Y161S,482A>C,missense,same chromosome,The mutation and polymorphism are on the same chromosome (established in the mother).,Yes,"'The mutation and polymorphism are on the same chromosome (established in the mother).' The mutation is Y161S (primary) and the polymorphism is 612T/A (c.480T>A, the reciprocal record sp 1064). They are in cis; deltaF508 (the other CF mutation) is trans.",c.482A>C;c.480T>A,[delta]F508 (F508del),high,,pass1: keyword screen + cis-corrected,CF-causing,1063,http://www.genet.sickkids.on.ca/MutationDetailPage.external?sp=1063
c.480T>A,No Changes,612T/A,480T>A,substitution,same chromosome,(Y161S) was seen in a 6 year-old CF patient whose other CF mutation is DeltaF508. The mutation and polymorphism are on the same chromosome (established in the mother).,Yes,Primary here is the polymorphism 612T/A. Text: '(Y161S) was seen... The mutation and polymorphism are on the same chromosome (established in the mother).' So Y161S is in cis with 612T/A; DeltaF508 (the other CF mutation) is trans.,c.480T>A;c.482A>C,DeltaF508 (F508del),high,Y161S,pass1: keyword screen + cis-corrected,No interpretation available,1064,http://www.genet.sickkids.on.ca/MutationDetailPage.external?sp=1064
c.2719A>G,p.Ile907Val,2851A/G,2719A>G,missense,same chromosome,who carries [delta]F508 on the same chromosome and the 5T allele in intron 8 in trans.,Yes,"Inverse of the usual case: text explicitly states the patient 'carries [delta]F508 on the same chromosome' as 2851A/G, and 'the 5T allele in intron 8 in trans.' Phenotype confirms 'DeltaF508 was found on the same allele as 2851A/G, 5T was found on the other allele.' So deltaF508 is the cis partner here; 5T is trans.",c.2719A>G;c.1521_1523del,5T allele in intron 8 (c.1210-12T[5]),high,[delta]F508; DeltaF508,pass1: keyword screen + cis-corrected,No interpretation available,1095,http://www.genet.sickkids.on.ca/MutationDetailPage.external?sp=1095
c.-85C>G,,48C/G,-85C>G,substitution (non-coding/unknown),in cis,"48C/G is a polymorphism, found in cis with 3532AC>GTA.",Yes,48C/G 'carries the 3532AC->GTA mutation on the same chromosome and the [delta]F508 on the other allele'; phenotype: '48C/G... found in cis with 3532AC>GTA.' 3532AC>GTA is the cis partner; deltaF508 is trans.,c.-85C>G;c.3400_3401delACinsGTA,[delta]F508 (F508del),high,3532AC->GTA; 3532AC>GTA,pass1: keyword screen + cis-corrected,,1109,http://www.genet.sickkids.on.ca/MutationDetailPage.external?sp=1109
c.2918T>C,p.Leu973Pro,L973P,2918T>C,missense,same allele,The mutation was found in a patient with CBAVD carrying 3041-4A>G on the same allele and the deltaF508 on the other one.,Yes,Phenotype: L973P found in a CBAVD patient 'carrying 3041-4A>G on the same allele and the deltaF508 on the other one.' 3041-4A>G is cis (this is the reciprocal of sp 1330); deltaF508 is trans.,c.2918T>C;c.2909-4A>G,deltaF508 (F508del),high,3041-4A>G,pass1: keyword screen + cis-corrected,,1141,http://www.genet.sickkids.on.ca/MutationDetailPage.external?sp=1141
c.2083_2084insG,p.Glu695GlyfsX35,2215insG,2083_2084insG,frameshift,cosegregated with 2215insG,"A new missense mutation, S895N, in exon 15 of the CFTR gene, which cosegregated with 2215insG, was also identified in both of these patients.",Yes,"1898+5G>T is on the first allele; 2215insG is 'on the second CFTR allele.' S895N 'cosegregated with 2215insG' and, since the other allele is 1898+5G>T, S895N is in cis with 2215insG (the primary). 1898+5G>T is the trans allele.",c.2083_2084insG;[S895N (c.2684G>A)],1898+5G-->T (c.1766+5G>T),high,S895N,pass2: AI (no keyword) + cis-corrected,,1180,http://www.genet.sickkids.on.ca/MutationDetailPage.external?sp=1180
c.1972_1973insA,p.Arg658LysfsX7,2104insA+2109-2118del10,1972_1973insA,frameshift,complex mutation,"This complex mutation was identified at the homozygous or hemizygous state (the parents were not available) in a young patient from Brazil, and having a classical severe form of CF.",Yes,"'This complex mutation' 2104insA+2109-2118del10 comprises two changes on one allele. primary_cdna captures only the insA (c.1972_1973insA), so the co-occurring 2109-2118del10 is the cis partner. Found homozygous/hemizygous, so no trans partner.",c.1972_1973insA;c.1977_1986del,,high,2109-2118del10,pass1: keyword screen + cis-corrected,,1194,http://www.genet.sickkids.on.ca/MutationDetailPage.external?sp=1194
c.2754T>G,p.Ile918Met,I918M,2754T>G,missense,in cis,was found in cis with F1052V in a CBAVD patient carrying [delta]F508 on the other chromosome.,Yes,I918M 'found in cis with F1052V in a CBAVD patient carrying [delta]F508 on the other chromosome'; phenotype confirms 'I918M in cis with F1052V and deltaF508 was on the other allele.' F1052V is cis; deltaF508 is trans.,c.2754T>G;c.3154T>G,[delta]F508 (F508del),high,F1052V,pass1: keyword screen + cis-corrected,,1197,http://www.genet.sickkids.on.ca/MutationDetailPage.external?sp=1197
c.869+4A>C;c.861_865delCTTAA,p.Asn287LysfsX21,1001+4A->C+993delCTTAA,869+4A>C;c.861_865delCTTAA,frameshift,1001+4A->C+993delCTTAA (two variants joined by '+' / ';'),c.869+4A>C;c.861_865delCTTAA (legacy 1001+4A->C+993delCTTAA),Yes,"primary_cdna is already written as the full complex allele c.869+4A>C;c.861_865delCTTAA (legacy 1001+4A->C+993delCTTAA); the primary name already contains both cis changes, so cis_partners is empty per rule.",c.869+4A>C;c.861_865delCTTAA,,high,c.869+4A>C; c.861_865delCTTAA; 1001+4A->C; 993delCTTAA; 991del5,pass2: AI (no keyword) + cis-corrected,,1329,http://www.genet.sickkids.on.ca/MutationDetailPage.external?sp=1329
c.2909-4A>G,,3041-4A->G,2909-4A>G,splicing (putative),same chromosome,carrying L973P on the same chromosome and deltaF508 on the other allele.,Yes,Phenotype: 3041-4A>G found in a CBAVD patient 'carrying L973P on the same chromosome and deltaF508 on the other allele.' L973P is cis (reciprocal of sp 1141); deltaF508 is trans.,c.2909-4A>G;c.2918T>C,deltaF508 (F508del),high,L973P,pass1: keyword screen + cis-corrected,,1330,http://www.genet.sickkids.on.ca/MutationDetailPage.external?sp=1330
c.1054C>G,p.Arg352Gly,R352G,1054C>G,missense,1342-6(5T) present,1342-6(5T) present. DeltaF508 was found on the other allele.,Yes,"DeltaF508 is explicitly on the OTHER allele (trans); therefore the 5T (1342-6(5T)) must sit on the same allele as primary R352G (F508del is on a 9T background), i.e. in cis by inference. Corrected from Uncertain to yes; 5T is the cis partner, F508del is trans.",c.1054C>G;c.1210-12T[5],F508del,medium,1342-6(5T),pass2: AI (no keyword) + cis-corrected,No interpretation available,1346,http://www.genet.sickkids.on.ca/MutationDetailPage.external?sp=1346
c.1405A>G,p.Met469Val,M469V,1405A>G,missense,in cis,"M469V in cis with M470V (1540A/G), also carrying deltaF508 on the other allele.",Yes,Text explicitly: 'M469V in cis with M470V (1540A/G)'. deltaF508 is on the other allele (trans). Complex allele = M469V;M470V.,c.1405A>G;c.1408A>G,deltaF508,high,M470V; 1540A/G,pass1: keyword screen + cis-corrected,No interpretation available,1349,http://www.genet.sickkids.on.ca/MutationDetailPage.external?sp=1349
c.3443A>G,p.Asn1148Ser,N1148S,3443A>G,missense,associated with F508del on the some [same] chromosome; One allele carries F508del and N1148S,"This mutation is associated with F508del on the some chromosome... One allele carries F508del and N1148S, the other one carries G85E.",Yes,"Text: 'associated with F508del on the some [same] chromosome... One allele carries F508del and N1148S, the other one carries G85E.' F508del is on the SAME allele as N1148S (cis, confirmed complex allele); G85E is on the other allele (trans). Here F508del is the cis partner, not trans.",c.3443A>G;c.1521_1523del,G85E,high,F508del; G85E,pass2: AI (no keyword) + cis-corrected,,1374,http://www.genet.sickkids.on.ca/MutationDetailPage.external?sp=1374
c.(?_165)_(1584_?)del(?_1620)_(2988_?)del,,"CFTRdele3-10,14b-16",(?_165)_(1584_?)del(?_1620)_(2988_?)del,deletion,in cis,The deletion is in cis with V754M.,Yes,"other_details: 'The deletion is in cis with V754M' — explicit cis. Index patient is heterozygous for 1812-1G>A (other allele, trans). The G542X/V754M patient referenced is a separate negative-control case, not this patient's trans partner.",c.(?_165)_(1584_?)del(?_1620)_(2988_?)del;c.2260G>A,1812-1G>A,high,V754M,pass1: keyword screen + cis-corrected,,1381,http://www.genet.sickkids.on.ca/MutationDetailPage.external?sp=1381
c.164+2T>G,,296+2T->G,164+2T>G,splicing (putative),in cis,This mutation was identified on one Italian CF chromosome in cis  with a new variant L24F.,Yes,other_details: '296+2T>G identified... in cis with a new variant L24F. The other chromosome bears a delF508' (trans). Explicit cis. Reciprocal record of sp 1402.,c.164+2T>G;c.72G>C,delF508,high,L24F,pass1: keyword screen + cis-corrected,CF-causing,1401,http://www.genet.sickkids.on.ca/MutationDetailPage.external?sp=1401
c.72G>C,p.Leu24Phe,L24F,72G>C,missense,in cis,This mutation was identified in cis with the novel mutation 296+2T to G on one Italian CF chromosome.,Yes,other_details: 'L24F identified in cis with the novel mutation 296+2T to G on one Italian CF chromosome. The other chromosome shows a delF508' (trans). Explicit cis. Reciprocal record of sp 1401.,c.72G>C;c.164+2T>G,delF508,high,296+2T to G,pass1: keyword screen + cis-corrected,No interpretation available,1402,http://www.genet.sickkids.on.ca/MutationDetailPage.external?sp=1402
c.4312C>T,p.Arg1438Trp,R1438W,4312C>T,missense,same chromosome,"This mutation was identified on one Italian CF chromosome, and on the same chromosome the S977F variant was found.",Yes,"other_details: 'R1438W identified on one Italian CF chromosome, and on the same chromosome the S977F variant was found' (cis). delF508 on the other chromosome (trans).",c.4312C>T;c.2930C>T,delF508,high,S977F,pass1: keyword screen + cis-corrected,No interpretation available,1406,http://www.genet.sickkids.on.ca/MutationDetailPage.external?sp=1406
c.340A>T,p.Lys114X,K114X,340A>T,nonsense,on a chromosome with,The K114X mutation was seen on a chromosome with R668C and G576A.,Yes,other_details: 'The K114X mutation was seen on a chromosome with R668C and G576A' — both R668C and G576A are in cis with K114X. Phenotype: 'The other CF chromosome carries the delF508 mutation' (trans).,c.340A>T;c.2002C>T;c.1727G>C,delF508,high,R668C; G576A,pass1: keyword screen + cis-corrected,CF-causing,1416,http://www.genet.sickkids.on.ca/MutationDetailPage.external?sp=1416
c.(?_165)_(1584_?)del(?_1620)_(2988_?)del,,"CFTRdele3-10,14b-16",(?_165)_(1584_?)del(?_1620)_(2988_?)del,deletion,in cis,The deletion is in cis with V754M.,Yes,"other_details: 'The deletion is in cis with V754M' — explicit cis, confirmed in a second French patient 'who also carries V754M on the same chromosome'. Index patient heterozygous for 1812-1G>A (other allele, trans). G542X/V754M patient is a separate negative-control case.",c.(?_165)_(1584_?)del(?_1620)_(2988_?)del;c.2260G>A,1812-1G>A,high,V754M,pass1: keyword screen + cis-corrected,,1431,http://www.genet.sickkids.on.ca/MutationDetailPage.external?sp=1431
c.2846A>T,p.His949Leu,H949L,2846A>T,missense,in cis,This mutation was identified in cis with another mutation: H939R. This is a novel complex CFTR allele: H939R + H949L.,Yes,"other_details: 'H949L identified in cis with another mutation: H939R. This is a novel complex CFTR allele: H939R + H949L.' Explicit cis. The four patients had different second (trans) alleles, none specified.",c.2846A>T;c.2816A>G,,high,H939R,pass1: keyword screen + cis-corrected,No interpretation available,1489,http://www.genet.sickkids.on.ca/MutationDetailPage.external?sp=1489
c.1784T>C,p.Met595Thr,M595T,1784T>C,missense,on the same allele,This mutation is present with F508del on the same allele. A559T is present on the other allele .,Yes,"other_details: 'M595T is present with F508del on the same allele' (cis); 'A559T is present on the other allele' (trans). F508del is the cis partner here, not trans.",c.1784T>C;c.1521_1523del,A559T,high,F508del,pass1: keyword screen + cis-corrected,,1493,http://www.genet.sickkids.on.ca/MutationDetailPage.external?sp=1493
c.713C>T,p.Ala238Val,A238V,713C>T,missense,in cis,"DeltaF508 was found on the other allele , (have poli T 5 in cis with TG 12).",Yes,"Phenotype: 'DeltaF508 was found on the other allele (trans), (have poli T 5 in cis with TG 12).' Since F508del alleles carry a 9T (not 5T) background, the 5T-TG12 tract lies on the A238V allele -> cis with A238V (endorsed inference from DeltaF508 being trans). Poly-T/TG tracts in cis count as cis partners.",c.713C>T;c.1210-12T[5];[TG12],DeltaF508,medium,poli T 5; 5T; TG 12; TG12,pass1: keyword screen + cis-corrected,No interpretation available,1537,http://www.genet.sickkids.on.ca/MutationDetailPage.external?sp=1537
c.4389G>T,p.Gln1463His,Q1463H,4389G>T,missense,same allele,He carries R553X on the same allele and D806G on the other allele.,Yes,Phenotype: 'He carries R553X on the same allele and D806G on the other allele.' R553X is cis with Q1463H; D806G is trans.,c.4389G>T;c.1657C>T,D806G,high,R553X,pass1: keyword screen + cis-corrected,No interpretation available,1543,http://www.genet.sickkids.on.ca/MutationDetailPage.external?sp=1543
c.3410T>C,p.Met1137Thr,M1137T,3410T>C,missense,same allele,she carriers R851X in the same allele.,Yes,Phenotype: mother 'carriers R851X in the same allele' as M1137T — explicit cis. No other-allele variant reported (unaffected carrier).,c.3410T>C;c.2551C>T,,high,R851X,pass1: keyword screen + cis-corrected,,1549,http://www.genet.sickkids.on.ca/MutationDetailPage.external?sp=1549
c.1119T>G,p.Asp373Glu,D373E,1119T>G,missense,on the same,He carries I148T on the same and deltaF508 on the other allele.,Yes,Phenotype: 'He carries I148T on the same and deltaF508 on the other allele.' I148T is cis with D373E; deltaF508 is trans.,c.1119T>G;c.443T>C,deltaF508,high,I148T,pass1: keyword screen + cis-corrected,,1576,http://www.genet.sickkids.on.ca/MutationDetailPage.external?sp=1576
c.3909_3914del6insTGT,p.Leu1304_Asp1305delinsVal1304,4041_4046del6insTGT,3909_3914del6insTGT,indel,in cis,"The mutation was identified in a CBAVD patient in cis with another, close, exon 21 variation, Q1309H (4059G>T). The complex allele was inherited from the mother.",Yes,Text states the primary del6insTGT (4041_4046del6insTGT) was identified 'in cis with' the close exon 21 variant Q1309H (4059G>T = c.3927G>T); explicit cis. D1152H was explicitly identified in trans.,c.3909_3914del6insTGT;c.3927G>T,D1152H,high,Q1309H; 4059G>T,pass1: keyword screen + cis-corrected,,1599,http://www.genet.sickkids.on.ca/MutationDetailPage.external?sp=1599
c.3927G>T,p.Gln1309His,Q1309H,3927G>T,missense,in cis,The mutation was identified in a CBAVD patient in cis with 4041_4046insTGT. ... The complex allele was inherited from the mother.,Yes,"Text states the primary Q1309H (c.3927G>T) was 'in cis with' 4041_4046insTGT (the del6insTGT, c.3909_3914del6insTGT); explicit cis. D1152H explicitly in trans.",c.3927G>T;c.3909_3914del6insTGT,D1152H,high,4041_4046insTGT,pass1: keyword screen + cis-corrected,,1600,http://www.genet.sickkids.on.ca/MutationDetailPage.external?sp=1600
c.2248_2255del,p.Pro750GlnfsX26,2380_2387del,2248_2255del,frameshift,same allele,"A new polymorphism , 2391C/T was found on the same allele as 2380_2387del.",Yes,"The new polymorphism 2391C/T (c.2259C>T) was reported 'on the same allele as' the primary 2380_2387del; explicit cis. Patient is compound heterozygous, with p.Gly542X on the other allele (trans).",c.2248_2255del;c.2259C>T,G542X (p.Gly542X),high,2391C/T,pass1: keyword screen + cis-corrected,,1648,http://www.genet.sickkids.on.ca/MutationDetailPage.external?sp=1648
c.2259C>T,No Changes,2391 C/T,2259C>T,substitution,same allele,This polymorphism was found on the same allele as 2380_2387del.,Yes,Primary 2391C/T (c.2259C>T) was reported 'on the same allele as' 2380_2387del (c.2248_2255del); explicit cis. Patient compound het with p.Gly542X on the other allele (trans).,c.2259C>T;c.2248_2255del,G542X (p.Gly542X),high,2380_2387del,pass1: keyword screen + cis-corrected,,1649,http://www.genet.sickkids.on.ca/MutationDetailPage.external?sp=1649
c.2380delG,p.Val794CysfsX9,2512delG,2380delG,frameshift,Patient is also heterozygous for the R297Q CF variant,F508del was detected on the other chromosome.Patient is also heterozygous for the R297Q CF variant.,Yes,F508del is explicitly on the other chromosome (trans). The additional heterozygous R297Q is therefore in cis with the primary 2512delG (c.2380delG) by inference -> complex allele 2380delG + R297Q; F508del is the trans partner. Corrected from Uncertain.,c.2380delG;c.890G>A,F508del,medium,R297Q; F508del,pass2: AI (no keyword) + cis-corrected,,1697,http://www.genet.sickkids.on.ca/MutationDetailPage.external?sp=1697
c.971C>T,p.Pro324Leu,P324L,971C>T,missense,deltaF508 mutation in both CFTR alleles,The deltaF508 mutation in both CFTR alleles was also found.,Yes,"Patient is deltaF508 homozygous ('the deltaF508 mutation in both CFTR alleles') and also carries the primary P324L. Because both alleles carry deltaF508, P324L must lie on one of them, i.e. in cis with a deltaF508 copy, forming a [deltaF508;P324L] complex allele (the other deltaF508 copy being on the opposite allele, in trans). Cis is a genetic certainty here.",c.971C>T;c.1521_1523del,,medium,deltaF508,pass1: keyword screen + cis-corrected,No interpretation available,1698,http://www.genet.sickkids.on.ca/MutationDetailPage.external?sp=1698
c.3263dupA,p.Asn1088LysfsX68,,3263dupA,frameshift,complex allele,This mutation was identified on an allele carrying p.Ile148Thr... compound heterozygous for this complex allele and a frequent CFTR mutation: [c.3263dupA;p.Ile148Thr]+[p.Arg334Trp],Yes,"Primary c.3263dupA was 'identified on an allele carrying p.Ile148Thr', written as the complex allele [c.3263dupA;p.Ile148Thr]; explicit cis. Compound-het partner p.Arg334Trp is on the other allele (trans).",c.3263dupA;c.443T>C,p.Arg334Trp (R334W),high,p.Ile148Thr,pass1: keyword screen + cis-corrected,,1711,http://www.genet.sickkids.on.ca/MutationDetailPage.external?sp=1711
c.1920T>C,p.Phe640Phe,,1920T>C,substitution,same allele,p.Phe640Phe was found on the same allele as p.[Arg74Trp;Val201Met;Asp1270Asn],Yes,Primary synonymous F640F (c.1920T>C) was 'found on the same allele as' the complex allele p.[Arg74Trp;Val201Met;Asp1270Asn]; explicit cis with all three variants. p.Phe508del is the compound-het partner in trans.,c.1920T>C;c.220C>T;c.601G>A;c.3808G>A,p.Phe508del (F508del),high,Arg74Trp; Val201Met; Asp1270Asn,pass1: keyword screen + cis-corrected,No interpretation available,1737,http://www.genet.sickkids.on.ca/MutationDetailPage.external?sp=1737
c.3199_3200delinsA,p.Ala1067ThrfsX16,,3199_3200delinsA,frameshift,also shown to be heterozygous for the S1235R sequence variant,This child was also shown to be heterozygous for the S1235R sequence variant.,Yes,3659delC (c.3527del) is explicitly on the other chromosome (trans). The additional heterozygous S1235R (c.3705T>G) is therefore in cis with the primary c.3199_3200delinsA by inference -> complex allele; 3659delC is the trans partner. Corrected from Uncertain.,c.3199_3200delinsA;c.3705T>G,3659delC,medium,S1235R; 3659delC,pass2: AI (no keyword) + cis-corrected,,1758,http://www.genet.sickkids.on.ca/MutationDetailPage.external?sp=1758
c.3308T>A,p.Ile1103Lys,,3308T>A,missense,same chromosome (cis),He had in the same chromosome (cis) the missense mutation p.Glu826Lys.,Yes,Text explicitly states the primary I1103K is on 'the same chromosome (cis)' as p.Glu826Lys; explicit cis. p.Phe508del is on the other chromosome (trans).,c.3308T>A;c.2476G>A,p.Phe508del (F508del),high,p.Glu826Lys,pass1: keyword screen + cis-corrected,,1937,http://www.genet.sickkids.on.ca/MutationDetailPage.external?sp=1937
c.3627A>C,p.Gln1209His,,3627A>C,missense,in cis,The novel variant was inherited in cis with p.Asp110Glu while the patient also carried p.Ser737Phe in trans.,Yes,Text states the primary Q1209H (c.3627A>C) was 'inherited in cis with' p.Asp110Glu; explicit cis. p.Ser737Phe was explicitly in trans.,c.3627A>C;c.330C>A,p.Ser737Phe (S737F),high,p.Asp110Glu,pass1: keyword screen + cis-corrected,,2008,http://www.genet.sickkids.on.ca/MutationDetailPage.external?sp=2008
c.-1019g>G,,,-1019g>G,substitution (non-coding/unknown),four hitherto unknown variants in addition to F508del in trans,"Genetics were performed via ECFS and revealed four hitherto unknown variants in addition to F508del in trans. Apart from the entered mutation, the additional mutations were: c.1210-1638C>T; c.54-4458_54-445delAAC; c.3717+4941G>T.",Yes,"Index CF patient has F508del explicitly 'in trans'. The four hitherto-unknown variants (the entered c.-1019 variant plus c.1210-1638C>T, c.54-4458_54-445delAAC, c.3717+4941G>T) therefore all lie together on the non-F508del allele = in cis. Inference case: because F508del is stated trans, the three other unknown variants are cis partners of the primary. Verdict 'Yes' confirmed.",c.-1019g>G;[c.1210-1638C>T];[c.54-4458_54-445delAAC (likely c.54-4458_54-4456delAAC)];[c.3717+4941G>T],F508del,medium,c.1210-1638C>T; c.54-4458_54-445delAAC; c.3717+4941G>T,pass2: AI (no keyword) + cis-corrected,,2221,http://www.genet.sickkids.on.ca/MutationDetailPage.external?sp=2221
c.4C>T,p.Gln2X,Q2X (together with R3W),4C>T,nonsense,together with,"The mutation was found together with R3W in a 14 years old male patient diagnosed at 9 months, also carrying N1303K on the other allele",Uncertain,Primary Q2X (c.4C>T) found together with R3W (c.7C>T). Submitter explicitly states they 'cannot indicate if those two nucleotidic variations were localised on the same chromosome or not' (phase unknown) => uncertain; R3W is not a confirmed cis partner. N1303K is explicitly 'on the other allele' (trans).,c.4C>T,N1303K,high,R3W,pass1: keyword screen + cis-corrected,CF-causing,9,http://www.genet.sickkids.on.ca/MutationDetailPage.external?sp=9
c.489+2T>G,,621+2T->G,489+2T>G,splicing (putative),also carries,She also carries the R792X and L967S mutations.,Uncertain,Primary 621+2T>G (c.489+2T>G) patient 'also carries the R792X and L967S mutations'. Three real mutations in one patient with no phase stated; which are cis vs trans is unknown => uncertain. R792X and L967S are candidate partners but neither is a confirmed cis partner.,c.489+2T>G,,low,R792X; L967S,pass1: keyword screen + cis-corrected,CF-causing,114,http://www.genet.sickkids.on.ca/MutationDetailPage.external?sp=114
c.890G>A,p.Arg297Gln,R297Q,890G>A,missense,in association with,a family where R297Q was associated with two of the most severe molecular defects DF508 or N1303K on healthy subjects ... Dubourg et al. identified the same aminoacid change (R297Q) in association with the 574delA mutation in an healthy subject.,Uncertain,"R297Q is reported 'in association with' 574delA and 'associated with' ΔF508 or N1303K in healthy subjects, but phase (cis vs trans) is never stated for any of them. Per unstated-phase rule → uncertain; no confirmed cis partner. (Phenotype describes an unrelated F508del/2512delG compound het that does not involve R297Q.) Corrected from Yes to uncertain.",c.890G>A,,medium,DF508; N1303K; 574delA,pass1: keyword screen + cis-corrected,Non CF-causing,163,http://www.genet.sickkids.on.ca/MutationDetailPage.external?sp=163
c.2619+3A>G,,2751+3A->G,2619+3A>G,splicing (putative),allele 5T intron 8,"Mutation was observed in a Spanish man with CBAVD, carrying [delta]F508 and allele 5T intron 8.",Uncertain,"Primary 2751+3A>G (c.2619+3A>G) in a CBAVD patient with deltaF508 explicitly 'on the other allele' (trans). A 5T tract in intron 8 (c.1210-12T[5]) is also present, but its phase is not stated (not stated in cis), so it cannot be assigned as a confirmed cis partner => uncertain. deltaF508 is trans.",c.2619+3A>G,F508del,low,5T,pass1: keyword screen + cis-corrected,No interpretation available,380,http://www.genet.sickkids.on.ca/MutationDetailPage.external?sp=380
c.2856G>C,p.Met952Ile,M952I,2856G>C,missense,unclear if the 2 mutations were located on different chromosomes,M952I was found in a CBAVD patient who also carries R117H but it was unclear if the 2 mutations were located on different chromosomes due to the lack of family members.,Uncertain,"Primary M952I (c.2856G>C) co-occurs with R117H. The submission explicitly states 'it was unclear if the 2 mutations were located on different chromosomes' and that M952I status is 'tentative'. A phenotype note (pers. corr. Girodon) says R117H is 'on the other allele', so the record is internally inconsistent and phase is not reliably established => uncertain; R117H is not a confirmed cis partner.",c.2856G>C,,medium,R117H,pass1: keyword screen + cis-corrected,,406,http://www.genet.sickkids.on.ca/MutationDetailPage.external?sp=406
c.3468+5G>A,,3600+5G->A,3468+5G>A,splicing (putative),"The other 2 mutations are V920M and deltaF508 (three variants, one patient)",The other 2 mutations are V920M and deltaF508.,Uncertain,"Primary 3600+5G>A (c.3468+5G>A) patient carries, in addition, V920M and deltaF508 (three mutations). Phase is not stated and deltaF508 is not stated 'on the other allele'. Most consistent with [3600+5G>A;V920M] in cis opposite deltaF508, but this is not explicit => uncertain; V920M is a candidate but no confirmed cis partner.",c.3468+5G>A,,medium,V920M; deltaF508,pass2: AI (no keyword) + cis-corrected,CF-causing,488,http://www.genet.sickkids.on.ca/MutationDetailPage.external?sp=488
c.3503A>G,p.Asp1168Gly,D1168G,3503A>G,missense,maternal CF chromosome which also bears the I506V polymorphism,This mutation is on the maternal CF chromosome which also bears the I506V polymorphism.,Uncertain,"Contradiction within the SAME patient (4y male): other_details states D1168G 'is on the maternal CF chromosome which also bears the I506V polymorphism' (cis), while phenotype states 'I506V polymorphism on the other allele' (trans). Phase is directly conflicting, so cis cannot be confirmed → uncertain.",c.3503A>G,I506V,medium,I506V,pass2: AI (no keyword) + cis-corrected,No interpretation available,494,http://www.genet.sickkids.on.ca/MutationDetailPage.external?sp=494
c.3737C>T,p.Thr1246Ile,T1246I,3737C>T,missense,we have yet been unable to show that it is on his other CF chromosome,"The patient's other CF mutation is [delta]F508, but we have yet been unable to show that it is on his other CF chromosome.",Uncertain,"Primary T1246I (c.3737C>T) identified on a CF chromosome; the patient's other CF mutation is deltaF508, but the submitter explicitly states they 'have yet been unable to show that it is on his other CF chromosome' and are 'uncertain of the status of T1246I'. A phenotype note says deltaF508 is 'on the other allele', but the submission itself leaves phase unproven => uncertain; no confirmed cis partner.",c.3737C>T,,medium,[delta]F508; deltaF508,pass2: AI (no keyword) + cis-corrected,Varying clinical consequence,525,http://www.genet.sickkids.on.ca/MutationDetailPage.external?sp=525
c.3752G>A,p.Ser1251Asn,S1251N,3752G>A,missense,associated with F508C,"S1251N is associated with the haplotype 2-1-1-2 (XV2c-KM, 19-D9-J44) and with F508C.",Uncertain,"other_details: 'S1251N is associated with the haplotype 2-1-1-2 ... and with F508C.' The word 'associated with' gives no explicit phase (cis vs trans) for F508C. Although the haplotype framing leans cis, phase is not stated → uncertain. Candidate cis partner: F508C.",c.3752G>A,,medium,F508C,pass1: keyword screen + cis-corrected,CF-causing,528,http://www.genet.sickkids.on.ca/MutationDetailPage.external?sp=528
c.4129G>C,p.Asp1377His,D1377H,4129G>C,missense,also carrying,"D1377H, was found in a 46y old M, diagnosed with CBAVD at 35y, PS, also carrying 2622+1G>A. (pers. corr. Girodon)",Uncertain,"Primary D1377H (c.4129G>C) in a CBAVD patient 'also carrying 2622+1G>A'. Phase is not stated => uncertain. Most consistent with a compound heterozygote (2622+1G>A likely trans given the CBAVD phenotype), but not stated; 2622+1G>A is a candidate, not a confirmed cis partner.",c.4129G>C,,medium,2622+1G>A,pass1: keyword screen + cis-corrected,No interpretation available,568,http://www.genet.sickkids.on.ca/MutationDetailPage.external?sp=568
c.859_863delAACTT,p.Asn287LysfsX19,991del5,859_863delAACTT,frameshift,T338I heterozygous,one female (T338I heterozygous with hepatopathy),Uncertain,"Primary 991del5; in the female patient (described as T338I heterozygous with hepatopathy) T338I co-occurs, but its phase relative to 991del5 is not stated. Unstated phase -> uncertain.",c.859_863delAACTT,,low,T338I,pass2: AI (no keyword) + cis-corrected,,654,http://www.genet.sickkids.on.ca/MutationDetailPage.external?sp=654
c.3764C>T,p.Ser1255Leu,S1255L,3764C>T,missense,in the same patient a novel polymorphism was observed,In the same patient a novel polymorphism was observed - L49L.,Uncertain,"S1255L primary; the same patient was found to carry a novel polymorphism L49L (per phenotype), but the phase between S1255L and L49L is not stated -> uncertain.",c.3764C>T,,medium,L49L,pass2: AI (no keyword) + cis-corrected,,698,http://www.genet.sickkids.on.ca/MutationDetailPage.external?sp=698
c.147A>G,,279A/G,147A>G,substitution (non-coding/unknown),one novel mutation located in exon 20 ... and one novel sequence variation located in exon 2,We would like to report to the consortium one novel mutation located in exon 20 of the CFTR gene and one novel sequence variation located in exon 2 of the CFTR gene.,Uncertain,"Primary c.147A>G = L49L (silent, codon 49). It was reported together with S1255L in the same patient (see sp 698), but phase is not stated -> uncertain.",c.147A>G,,medium,S1255L; 3896C>T,pass2: AI (no keyword) + cis-corrected,,699,http://www.genet.sickkids.on.ca/MutationDetailPage.external?sp=699
c.3718-79T>C,,3850-79T/C,3718-79T>C,splicing (putative),do not know on which allele,"3850-79T/C and 3271+101C/G were identified in a CBAVD patient who
also had F508, 5T/9T, and many other SNP : P1290P, I1027T : but we do
not know on which allele.",Uncertain,"3850-79T/C co-occurs with 3271+101C/G, F508, 5T/9T, P1290P and I1027T in one CBAVD patient, but the text explicitly says 'we do not know on which allele' -> phase unknown, uncertain. F508 phase also unknown so not listed as trans.",c.3718-79T>C,,high,3271+101C/G; F508; 5T/9T; P1290P; I1027T,pass1: keyword screen + cis-corrected,,741,http://www.genet.sickkids.on.ca/MutationDetailPage.external?sp=741
c.2604A>G,No Changes,2736G/A,2604A>G,substitution,whose other mutations are R1066C/2789+5,whose other mutations are R1066C/2789+5,Uncertain,"2736G/A (silent, 'No Changes') is a polymorphism found in a CF patient whose disease alleles are R1066C/2789+5. The polymorphism necessarily lies in cis with one of those two alleles, but which one is not stated -> uncertain.",c.2604A>G,,low,R1066C; 2789+5,pass2: AI (no keyword) + cis-corrected,,770,http://www.genet.sickkids.on.ca/MutationDetailPage.external?sp=770
c.3339T>C,,3471T/C,3339T>C,substitution (non-coding/unknown),accompanying Q1071P,T to C change accompanying Q1071P,Uncertain,Silent c.3339T>C (Ala at 1113) described as a 'T to C change accompanying Q1071P.' Co-occurrence with Q1071P is stated but the phase (cis vs trans) is not explicit — 'accompanying' is not same-allele language. Q1071P is the candidate cis partner; unstated phase => uncertain.,c.3339T>C,,medium,Q1071P,pass2: AI (no keyword) + cis-corrected,,783,http://www.genet.sickkids.on.ca/MutationDetailPage.external?sp=783
c.3139+101C>G,,3271+101C/G,3139+101C>G,splicing (putative),we do not know on which allele,"3850-79T/C and 3271+101C/G were identified in a CBAVD patient who also had F508, 5T/9T, and many other SNP : P1290P, I1027T : but we do not know on which allele.",Uncertain,"Same CBAVD patient as sp 741; 3271+101C/G co-occurs with 3850-79T/C, F508, 5T/9T, P1290P and I1027T, but the source explicitly states 'we do not know on which allele' -> phase unknown, uncertain.",c.3139+101C>G,,high,3850-79T/C; F508; 5T/9T; P1290P; I1027T,pass1: keyword screen + cis-corrected,,827,http://www.genet.sickkids.on.ca/MutationDetailPage.external?sp=827
c.273+42A>G,,405+42A/G,273+42A>G,splicing (putative),also carrying,405+42A/G was found in an Estonian individual also carrying S1235R.,Uncertain,405+42A/G (intronic) found in an Estonian individual also heterozygous for S1235R; the phase between the two variants is not stated -> uncertain.,c.273+42A>G,,medium,S1235R,pass1: keyword screen + cis-corrected,,840,http://www.genet.sickkids.on.ca/MutationDetailPage.external?sp=840
c.1807G>T,p.Val603Phe,V603F,1807G>T,missense,found together with,This mutation was found together with a sequence polymorphism at nucleotide position 1929 where A was present instead of T.,Uncertain,V603F was 'found together with a sequence polymorphism at nucleotide position 1929' — co-occurrence but phase not explicitly cis. Patient 1 carried deltaF508 'on the other allele' (trans); patient 2 carried 5T but 'the phase with V603F (ie. cis or trans) could not be determined.' No confirmed cis partner; candidates 1929A polymorphism and 5T have unstated/undetermined phase => uncertain.,c.1807G>T,F508del,medium,1929; 1929T>A,pass1: keyword screen + cis-corrected,CF-causing,852,http://www.genet.sickkids.on.ca/MutationDetailPage.external?sp=852
c.3262A>G,p.Asn1088Asp,N1088D,3262A>G,missense,associated with,This mutation was found in one CF patient with [delta]F508 on the other chromosome and probably associated with R75Q.,Uncertain,"N1088D found in a patient with deltaF508 'on the other chromosome' (trans) and 'probably associated with R75Q.' The 'probably associated with' wording hedges both the association and the phase, so R75Q is only a candidate cis partner, not confirmed => uncertain.",c.3262A>G,F508del,medium,R75Q,pass1: keyword screen + cis-corrected,CF-causing,855,http://www.genet.sickkids.on.ca/MutationDetailPage.external?sp=855
c.1117-27_1117-26delTA,,1249-27delTA,1117-27_1117-26delTA,deletion,on one allele,revealed the [delta]F508 mutation on one allele.  The 1249-27delTA mutation was found after screening all 27 exons by DGGE and sequencing of the exon 8 region.,Uncertain,"deltaF508 identified on one allele by common-mutation panel; 1249-27delTA (intronic, likely benign) found later by full-exon screening. The phase of 1249-27delTA relative to deltaF508 is not stated -> uncertain.",c.1117-27_1117-26delTA,,low,[delta]F508,pass1: keyword screen + cis-corrected,,883,http://www.genet.sickkids.on.ca/MutationDetailPage.external?sp=883
c.3139+42A>T,,3271+42A/T,3139+42A>T,splicing (putative),also present,"The patient's genotype is F508del/1898+1G>C, the 3271+42A>T polymorphism is also present.",Uncertain,"3271+42A>T polymorphism present in a patient with genotype F508del/1898+1G>C. It lies in cis with one of the two disease alleles, but which allele is not stated -> uncertain.",c.3139+42A>T,,low,F508del; 1898+1G>C,pass1: keyword screen + cis-corrected,No interpretation available,938,http://www.genet.sickkids.on.ca/MutationDetailPage.external?sp=938
c.3367+37G>A,,3499+37G/A,3367+37G>A,splicing (putative),also carrying,The mutation was found in a PS individual also carrying the P1290P polymorphism.,Uncertain,3499+37G/A (intronic polymorphism) found in a PS individual also carrying the P1290P polymorphism; the phase between them is not stated -> uncertain.,c.3367+37G>A,,medium,P1290P,pass1: keyword screen + cis-corrected,No interpretation available,940,http://www.genet.sickkids.on.ca/MutationDetailPage.external?sp=940
c.3469-111G>C,,3601-111G/C,3469-111G>C,splicing (putative),tightly associated with,C tightly associated with 1811+1.6kbA>G,Uncertain,3601-111G>C (c.3469-111G>C) described as 'C tightly associated with 1811+1.6kbA>G.' This states linkage/association but not an explicit within-patient cis phase (no 'same allele/chromosome' wording). 1811+1.6kbA>G is the candidate cis partner; unstated phase => uncertain.,c.3469-111G>C,,medium,1811+1.6kbA>G,pass2: AI (no keyword) + cis-corrected,,945,http://www.genet.sickkids.on.ca/MutationDetailPage.external?sp=945
c.-4G>C,,129G/C,-4G>C,substitution (non-coding/unknown),in strong association with,C in strong association with R117H.,Uncertain,c.-4G>C (129G/C) described as 'C in strong association with R117H.' Association/linkage is stated but explicit cis phase (same allele/chromosome) is absent. R117H is the candidate cis partner; unstated phase => uncertain.,c.-4G>C,,medium,R117H,pass1: keyword screen + cis-corrected,,955,http://www.genet.sickkids.on.ca/MutationDetailPage.external?sp=955
c.3158C>T,p.Thr1053Ile,T1053I,3158C>T,missense,5T allele (5/9),He also has the [delta]F508 mutation and the 5T allele (5/9).,Uncertain,"deltaF508 is explicitly on the other allele (trans), so T1053I is on the non-F508 allele. The patient is 5T/9T, but the record does not state which allele carries the 5T relative to T1053I, so a T1053I;5T cis complex allele is possible but unconfirmed -> uncertain.",c.3158C>T,F508del (deltaF508),medium,5T; 5/9; [delta]F508; deltaF508,pass1: keyword screen + cis-corrected,Non CF-causing,977,http://www.genet.sickkids.on.ca/MutationDetailPage.external?sp=977
c.2620-1G>C,,2752-1G->C,2620-1G>C,splicing (putative),associated with a [delta]F508,This novel mutation is associated with a [delta]F508 in a cystic fibrosis patient.,Uncertain,"Only co-variant is delta-F508, described as 'associated with' the primary c.2620-1G>C in a CF patient; no phase stated. Per the 'associated with X, no phase' rule this is uncertain (never yes). Most likely a simple compound heterozygote (F508del in trans), but the text gives no phase, so F508del is listed only as an unconfirmed candidate.",c.2620-1G>C;c.1521_1523del,,low,[delta]F508,pass2: AI (no keyword) + cis-corrected,,1017,http://www.genet.sickkids.on.ca/MutationDetailPage.external?sp=1017
c.164+1G>T,,296+1G->T,164+1G>T,splicing (putative),and has the R75Q polymorphism,The patient was also heterozygous for the [delta]F508 mutation and has the R75Q polymorphism.,Uncertain,"Patient is 'also heterozygous for the delta-F508 mutation' (compound het => F508del in trans) and additionally has the R75Q polymorphism with no stated phase. R75Q is the unconfirmed cis candidate for a possible complex allele => uncertain. (The 196+1G>C note refers to a different mutation, not this patient's genotype.)",c.164+1G>T;c.224G>A,F508del,low,R75Q,pass2: AI (no keyword) + cis-corrected,CF-causing,1130,http://www.genet.sickkids.on.ca/MutationDetailPage.external?sp=1130
c.2079T>G,p.Phe693Leu,F693L(TTG),2079T>G,missense,cis or trans,The 5T splice variant was also found.  We are waiting for parental DNA to determine if the 5T is in cis or trans with this mutation.,Uncertain,The 5T splice variant co-occurs and the text explicitly states they are 'waiting for parental DNA to determine if the 5T is in cis or trans' => phase undetermined => uncertain.,c.2079T>G;c.1210-12T[5],,high,5T,pass1: keyword screen + cis-corrected,No interpretation available,1209,http://www.genet.sickkids.on.ca/MutationDetailPage.external?sp=1209
c.1438G>A,p.Gly480Ser,G480S,1438G>A,missense,heterozygous for the A559T mutation,The patient was heterozygous for the A559T mutation.,Uncertain,Patient is heterozygous for A559T alongside primary G480S; no phase given => uncertain. A559T is the unconfirmed cis candidate (could equally be a compound-het/trans partner).,c.1438G>A;c.1675G>A,,medium,A559T,pass2: AI (no keyword) + cis-corrected,CF-causing,1210,http://www.genet.sickkids.on.ca/MutationDetailPage.external?sp=1210
c.596A>G,p.His199Arg,H199R,596A>G,missense,carries 711+1G->T,was diagnosed in utero and carries 711+1G->T,Uncertain,"CF patient carries 711+1G>T alongside primary H199R; no phase stated => uncertain. 711+1G>T (a severe splice mutation, likely the trans disease allele) is listed as the unconfirmed candidate.",c.596A>G;c.579+1G>T,,medium,711+1G->T,pass2: AI (no keyword) + cis-corrected,CF-causing,1296,http://www.genet.sickkids.on.ca/MutationDetailPage.external?sp=1296
c.3497delT,p.Phe1166SerfsX26,3629delT,3497delT,frameshift,also carries,also cariies  875+1G->A and S1235R.,Uncertain,"Patient 'also carries 875+1G>A and S1235R' with no phase stated among the three variants => uncertain. Both are unconfirmed cis candidates; on phenotype grounds 875+1G>A is most likely the trans disease allele and S1235R the passenger, but the text establishes no phase.",c.3497delT;c.743+1G>A;c.3705T>G,,medium,875+1G->A; S1235R,pass1: keyword screen + cis-corrected,,1350,http://www.genet.sickkids.on.ca/MutationDetailPage.external?sp=1350
c.2687_2690delCTCAinsTGAGTACTATGAG,p.Thr896IlefsX9,2819del4bpins13bp,2687_2690delCTCAinsTGAGTACTATGAG,frameshift,125 g/c sequence variation,they carries 125 g/c sequence variation,Uncertain,Patients carry the 125 G/C sequence variation together with the primary del4bp/ins13bp; no phase stated => uncertain. 125G>C is the unconfirmed cis candidate.,c.2687_2690delCTCAinsTGAGTACTATGAG;c.-8G>C,,low,125 g/c,pass2: AI (no keyword) + cis-corrected,,1392,http://www.genet.sickkids.on.ca/MutationDetailPage.external?sp=1392
c.3151A>G,p.Ile1051Val,I1051V,3151A>G,missense,associated with F508del,This mutation is associated with F508del.,Uncertain,"other_details only states 'This mutation is associated with F508del' with NO phase given. Contrast same submitter's explicit 'same allele' wording (sp 1374, 1493). Cis vs trans not stated -> uncertain; no confirmed cis partner. Ambiguous co-occurring variant is F508del.",c.3151A>G,,medium,F508del,pass2: AI (no keyword) + cis-corrected,No interpretation available,1397,http://www.genet.sickkids.on.ca/MutationDetailPage.external?sp=1397
c.2255T>G,p.Ile752Ser,I752S,2255T>G,missense,also carries,The patient also carries D110H at the heterozygous state but the segregation has not been performed.,Uncertain,Patient carries D110H at the heterozygous state alongside primary I752S; text explicitly states 'the segregation has not been performed' (phase unknown) => uncertain.,c.2255T>G;c.328G>C,,medium,D110H,pass1: keyword screen + cis-corrected,No interpretation available,1425,http://www.genet.sickkids.on.ca/MutationDetailPage.external?sp=1425
c.609C>G,p.Ile203Met,I203M,609C>G,missense,Parental DNA was not available for familial segregation,found in a patient referred for CBAVD and carrying the mutation c.1248+1G>A. Parental DNA was not available for familial segregation.,Uncertain,CBAVD patient carries c.1248+1G>A with primary I203M; 'Parental DNA was not available for familial segregation' (phase unknown) => uncertain.,c.609C>G;[c.1248+1G>A],,low,c.1248+1G>A,pass2: AI (no keyword) + cis-corrected,,1438,http://www.genet.sickkids.on.ca/MutationDetailPage.external?sp=1438
c.4056G>T,p.Gln1352His,Q1352H(G->T),4056G>T,missense,without defined phase,He presents the genotype [R117H] + [Q1352H (G>T)] and the I807M change without defined phase.,Uncertain,Genotype written [R117H] + [Q1352H (G>T)] means R117H is on the other allele (trans) relative to primary Q1352H. I807M is present 'without defined phase' and is the unconfirmed cis candidate => uncertain.,c.4056G>T;c.2421A>G,R117H,medium,I807M,pass2: AI (no keyword) + cis-corrected,,1446,http://www.genet.sickkids.on.ca/MutationDetailPage.external?sp=1446
c.663G>A,,795G/A,663G>A,substitution (non-coding/unknown),presents also the R75Q variant,He presents also the R75Q variant.,Uncertain,Infertile patient 'presents also the R75Q variant' alongside primary c.663G>A; no phase stated => uncertain. R75Q is the unconfirmed cis candidate.,c.663G>A;c.224G>A,,low,R75Q,pass2: AI (no keyword) + cis-corrected,,1449,http://www.genet.sickkids.on.ca/MutationDetailPage.external?sp=1449
c.(?_-1270)_(53_?)del,,Del Pr-Ex1,(?_-1270)_(53_?)del,deletion,Phase has not been established,All three siblings harbor the 3120+1G>A mutation. Parents are African American. Phase has not been established.,Uncertain,All three siblings harbor 3120+1G>A alongside the promoter/exon1 deletion; text explicitly states 'Phase has not been established' => uncertain.,c.(?_-1270)_(53_?)del;c.2988+1G>A,,low,3120+1G>A,pass2: AI (no keyword) + cis-corrected,,1454,http://www.genet.sickkids.on.ca/MutationDetailPage.external?sp=1454
c.(?_3964)_(*1553_?)del,,Del exon 22-24,(?_3964)_(*1553_?)del,deletion,harbors also the dF508 mutation,The proband harbors also the dF508 mutation.,Uncertain,"Proband 'also harbors' the dF508 mutation alongside the exon 22-24 deletion; no phase stated => uncertain. Most likely a simple compound heterozygote (F508del in trans), but no phase is given, so F508del is listed only as an unconfirmed candidate.",c.(?_3964)_(*1553_?)del;c.1521_1523del,,low,dF508,pass2: AI (no keyword) + cis-corrected,,1455,http://www.genet.sickkids.on.ca/MutationDetailPage.external?sp=1455
c.(?_2989)_(3367_?)del,,Del exon 17a-17b,(?_2989)_(3367_?)del,deletion,harbors also the A72D mutation,The proband harbors also the A72D mutation.,Uncertain,"Del exon 17a-17b co-occurs with A72D ('the proband harbors also the A72D mutation'). No phase stated, so cis vs trans is unknown -> uncertain. Candidate cis partner if in cis: A72D (c.215C>A). Nothing confirmed in cis; nothing stated in trans.",c.(?_2989)_(3367_?)del,,low,A72D,pass2: AI (no keyword) + cis-corrected,,1457,http://www.genet.sickkids.on.ca/MutationDetailPage.external?sp=1457
c.(?_3964)_(4242_?)del,,Del exon 22-23,(?_3964)_(4242_?)del,deletion,harbors R1162X mutation,The proband harbors R1162X mutation,Uncertain,Del exon 22-23 co-occurs with R1162X ('the proband harbors R1162X mutation'). Phase not stated -> uncertain. Candidate cis partner if in cis: R1162X (c.3484C>T / legacy 3616C>T). Nothing confirmed cis or trans.,c.(?_3964)_(4242_?)del,,low,R1162X,pass2: AI (no keyword) + cis-corrected,,1458,http://www.genet.sickkids.on.ca/MutationDetailPage.external?sp=1458
c.(?_274)_(743_?)del,,Del exon 4-6a,(?_274)_(743_?)del,deletion,harbors G542X mutation and S1235R mutation. Phase not established,The proband harbors G542X mutation and S1235R mutation. Phase not established,Uncertain,"Del exon 4-6a co-occurs with G542X and S1235R in a classic-CF infant; text explicitly states 'Phase not established.' Three variants over two alleles means the deletion sits in cis with one (or neither) of them, but which is unknown -> uncertain. Candidate cis partners if in cis: G542X (c.1624G>T) and/or S1235R (c.3705T>G). None confirmed cis; none confirmed trans.",c.(?_274)_(743_?)del,,medium,G542X; S1235R,pass1: keyword screen + cis-corrected,,1459,http://www.genet.sickkids.on.ca/MutationDetailPage.external?sp=1459
c.(?_54)_(273_?)del,,Del exon 2-3,(?_54)_(273_?)del,deletion,Phase not establihed,The proband harbors the G551D mutation. Phase not establihed,Uncertain,"Del exon 2-3 co-occurs with G551D; text explicitly states 'Phase not established.' -> uncertain. Candidate cis partner if in cis: G551D (c.1652G>A / legacy 1784G>A). Biologically likely a simple compound het (trans) in a classic-CF patient, but phase is not stated so it is not called. Nothing confirmed cis/trans.",c.(?_54)_(273_?)del,,low,G551D,pass2: AI (no keyword) + cis-corrected,,1460,http://www.genet.sickkids.on.ca/MutationDetailPage.external?sp=1460
c.547C>A,p.Leu183Ile,L183I,547C>A,missense,also has the 5T allele (phase unknown),"This mutation was found in a CBAVD Pakistani male, who also has the 5T allele (phase unknown).",Uncertain,"L183I in a CBAVD male co-occurs with a 5T allele, but the text explicitly says 'phase unknown' -> uncertain. Candidate cis partner if in cis: 5T (c.1210-12T[5]). Poly-T counts as a cis partner only when stated in cis; here phase is unknown, so cis_partners is empty.",c.547C>A,,high,5T,pass1: keyword screen + cis-corrected,No interpretation available,1466,http://www.genet.sickkids.on.ca/MutationDetailPage.external?sp=1466
c.580G>A,p.Gly194Arg,G194R,580G>A,missense,also indicate,Ambry test result also indicate 1341+1 G to A on intron 8 and heterozygous presence of a 5T variant in intron 8.,Uncertain,G194R co-occurs with 1341+1G>A (intron 8 splice donor) and a heterozygous 5T variant (intron 8) on Ambry testing; no phase is given -> uncertain. Candidate cis partners if in cis: 1341+1G>A (c.1209+1G>A) and 5T (c.1210-12T[5]). None confirmed cis/trans.,c.580G>A,,medium,1341+1 G to A; 5T,pass2: AI (no keyword) + cis-corrected,,1487,http://www.genet.sickkids.on.ca/MutationDetailPage.external?sp=1487
c.2739T>A,p.Tyr913X,Y913X,2739T>A,nonsense,Family studies have not been performed to identify which allele carries two mutations,"He also had another missense variant in exon 17a, I1027T (3212T>C) which has been reported earlier. Family studies have not been performed to identify which allele carries two mutations.",Uncertain,"Y913X: deltaF508 is explicitly on the OTHER allele (trans). A third variant I1027T (3212T>C / c.3080T>C) is also present, but 'family studies have not been performed to identify which allele carries two mutations' -> I1027T could be in cis with Y913X or in cis with deltaF508; phase unknown -> uncertain. Candidate cis partner if in cis: I1027T. trans: F508del.",c.2739T>A,F508del,high,I1027T; 3212T>C,pass1: keyword screen + cis-corrected,CF-causing,1500,http://www.genet.sickkids.on.ca/MutationDetailPage.external?sp=1500
c.-93G>C,,40G/C,-93G>C,substitution (non-coding/unknown),was also identified,"This defect was identified on one CF chromosome.
The 125G/C variant in exon 1 was also identified.",Uncertain,"Promoter variant -93G>C (legacy 40G/C) was identified on one CF chromosome; the 125G>C exon-1 variant was also identified (no common CF mutations found, genotype +/+). Phase between the two 5' variants is not stated -> uncertain. Candidate cis partner if in cis: 125G>C (exon 1; commonly regarded as a polymorphism). None confirmed cis/trans.",c.-93G>C,,low,125G/C,pass2: AI (no keyword) + cis-corrected,,1517,http://www.genet.sickkids.on.ca/MutationDetailPage.external?sp=1517
c.1679+1650T>A,,1811 + 1650 T>A,1679+1650T>A,splicing (putative),bearing the 1811+1.6 kbA>G mutation,This sequence variation has been identified in a CF patient bearing the 1811+1.6 kbA>G mutation.,Uncertain,Deep-intronic 1811+1650T>A was identified in a CF patient 'bearing the 1811+1.6 kbA>G mutation' (a known pathogenic intron-11 variant). No phase stated -> uncertain. Candidate cis partner if in cis: 1811+1.6kbA>G. Nothing confirmed cis/trans.,c.1679+1650T>A,,medium,1811+1.6 kbA>G,pass2: AI (no keyword) + cis-corrected,,1532,http://www.genet.sickkids.on.ca/MutationDetailPage.external?sp=1532
c.2089_2090insA,p.Arg697LysfsX33,2221insA,2089_2090insA,frameshift,also found to carry,"The mutation was identified in a CBAVD patient who was also found to carry two CFTR variants, IVS8T5 and 1716A->G. Segregation analysis was not possible.",Uncertain,"2221insA (frameshift) in a CBAVD patient who also carries IVS8-5T and 1716A>G; 'segregation analysis was not possible' -> phase unknown -> uncertain. Candidate cis partner if in cis: 5T (c.1210-12T[5]); 1716A>G is a benign polymorphism. (A severe frameshift + 5T is usually trans in CBAVD, but phase is not established here.) None confirmed cis/trans.",c.2089_2090insA,,medium,IVS8T5; 1716A->G,pass1: keyword screen + cis-corrected,,1594,http://www.genet.sickkids.on.ca/MutationDetailPage.external?sp=1594
c.2491-11C>T,,2623-11 C->T,2491-11C>T,splicing (putative),also heterozygous for,The variation was identified in a CF patient who was also heterozygous for deltaF508 and W1204X. Segregation analysis was not performed yet.,Uncertain,"2623-11C>T (which the record itself suggests may be a polymorphism) co-occurs with heterozygous deltaF508 and W1204X in a classical-CF compound-het patient; 'segregation analysis was not performed yet.' The primary must lie in cis with one of F508del/W1204X and in trans with the other, but which is unknown -> uncertain. Candidate cis partner if in cis: F508del or W1204X. Neither can be confirmed as the trans allele, so trans_partners is left empty.",c.2491-11C>T,,medium,deltaF508; W1204X,pass1: keyword screen + cis-corrected,,1595,http://www.genet.sickkids.on.ca/MutationDetailPage.external?sp=1595
c.1209+6A>G,,1341+6 A->G,1209+6A>G,splicing (putative),also carrying,"moreover detected in a 50 years old Italian man, also carrying R31C, with BPCO, Bronchiectasis, lung infection by Pseudomonas aeruginosa and sweat chloride 36mEq/l",Uncertain,"Primary 1341+6A>G (c.1209+6A>G) co-occurs with R31C (c.91C>T) in one reported patient (50yo man), but no phase is given, so cis vs trans is unstated -> uncertain; no partner is confirmed cis.",c.1209+6A>G,,low,R31C,pass1: keyword screen + cis-corrected,,1639,http://www.genet.sickkids.on.ca/MutationDetailPage.external?sp=1639
c.473G>A,p.Ser158Asn,S158N,473G>A,missense,also reported to have sequence variations,This patient was also reported to have sequence variations ( 1540 A/G and 1525-61 A/G) of exon10 and intron9 of CFTR gene.,Uncertain,"S158N (c.473G>A) patient also carries sequence variations 1540A>G (M470V, c.1408A>G) and 1525-61A>G; no phase stated -> uncertain; no confirmed cis partner.",c.473G>A,,low,1540 A/G; 1525-61 A/G,pass1: keyword screen + cis-corrected,No interpretation available,1644,http://www.genet.sickkids.on.ca/MutationDetailPage.external?sp=1644
c.2989-14C>A,,3121-14C/A,2989-14C>A,splicing (putative),in cis or in trans,He carries also IVS8-5T allele but we couldn't establish if both variations are in cis or in trans,Uncertain,Text explicitly states the IVS8-5T allele (5T; c.1210-12T[5]) co-occurs but that they 'couldn't establish if both variations are in cis or in trans' -> uncertain. 5T is not counted as a cis partner because it is not stated to be in cis.,c.2989-14C>A,,high,IVS8-5T; 5T,pass1: keyword screen + cis-corrected,,1668,http://www.genet.sickkids.on.ca/MutationDetailPage.external?sp=1668
c.648G>T,p.Trp216Cys,W216C,648G>T,missense,in conjunction with,This mutation was present in a CBAVD patient in conjunction with L206W,Uncertain,"Primary W216C was reported 'in conjunction with' L206W (candidate partner, best_hgvs c.617T>G) with no phase stated; cis vs trans is not specified, so uncertain (not yes).",c.648G>T,,medium,L206W,pass1: keyword screen + cis-corrected,,1684,http://www.genet.sickkids.on.ca/MutationDetailPage.external?sp=1684
c.1196C>T,p.Ala399Val,I1328T,1196C>T,missense,in conjunction with,This mutation was present in a CBAVD patient in conjunction with R347P,Uncertain,"Primary A399V (c.1196C>T) was reported 'in conjunction with' R347P (candidate partner, best_hgvs c.1040G>C) with no phase stated; cis vs trans not specified, so uncertain.",c.1196C>T,,medium,R347P,pass1: keyword screen + cis-corrected,No interpretation available,1685,http://www.genet.sickkids.on.ca/MutationDetailPage.external?sp=1685
c.1392+4g>T,,,1392+4g>T,splicing (putative),also having other CFTR variant p V456A,This patient was also having other CFTR  variant p V456A in exon 9.,Uncertain,Primary c.1392+4G>T patient also has CFTR variant V456A (c.1367T>C); phase not stated -> uncertain; no confirmed cis partner.,c.1392+4g>T,,medium,V456A,pass2: AI (no keyword) + cis-corrected,,1704,http://www.genet.sickkids.on.ca/MutationDetailPage.external?sp=1704
c.2989-14c>A,,,2989-14c>A,splicing (putative),in cis or in trans,He carries also IVS8-5T allele but we couldn´t stablish if both variations are in cis or in trans.,Uncertain,"Same scenario as sp 1668: c.2989-14C>A co-occurs with the IVS8-5T allele (c.1210-12T[5]), but the text explicitly could not establish cis vs trans -> uncertain; 5T not counted as cis.",c.2989-14c>A,,high,IVS8-5T,pass1: keyword screen + cis-corrected,,1710,http://www.genet.sickkids.on.ca/MutationDetailPage.external?sp=1710
c.228T>G,p.Cys76Trp,,228T>G,missense,identify this missense mutation and the variant 3849+40A>G ... Familial segragation was not available,Complete scanning allowed to identify this missense mutation and the variant 3849+40A>G in a CBAVD patient. Familial segragation was not available.,Uncertain,C76W (c.228T>G) was identified together with the variant 3849+40A>G in a CBAVD patient; familial segregation was unavailable and phase is not stated -> uncertain.,c.228T>G,,medium,3849+40A>G,pass2: AI (no keyword) + cis-corrected,,1715,http://www.genet.sickkids.on.ca/MutationDetailPage.external?sp=1715
c.1714G>C,p.Asp572His,,1714G>C,missense,also carrying,This patient was also carrying other sequence variation c. 1812-99 C>T in of CFTR gene.,Uncertain,"D572H (c.1714G>C) patient also carries CFTR variant c.1812-99C>T; phase not stated -> uncertain. (N34S is a SPINK1 variant, not CFTR, so it is not a partner.)",c.1714G>C,,medium,c. 1812-99 C>T,pass1: keyword screen + cis-corrected,,1721,http://www.genet.sickkids.on.ca/MutationDetailPage.external?sp=1721
c.473G>A,p.Ser158Asn,,473G>A,missense,also reported to have,This patient was also reported to have Sequence Variations (1540 A>G and 1525-61 A>G) of exon 10 and intron 9 of CFTR gene.,Uncertain,"For the pancreatitis patient, S158N (c.473G>A) co-occurs with 1540A>G (M470V) and 1525-61A>G; phase not stated -> uncertain. The first (CF) patient had no reported second CFTR variant.",c.473G>A,,medium,1540 A>G; 1525-61 A>G,pass1: keyword screen + cis-corrected,No interpretation available,1723,http://www.genet.sickkids.on.ca/MutationDetailPage.external?sp=1723
c.3837G>A,p.Leu1279Leu,,3837G>A,substitution,Other heterozygote mutations were detected,"Other heterozygote mutations were detected: G576A, R668C.",Uncertain,"L1279L (c.3837G>A) patient also has heterozygous G576A (c.1727G>C) and R668C (c.2002C>T); phase not stated -> uncertain. The F508del mentioned is carried by the spouse, not this patient, so it is neither cis nor trans.",c.3837G>A,,medium,G576A; R668C,pass2: AI (no keyword) + cis-corrected,,1734,http://www.genet.sickkids.on.ca/MutationDetailPage.external?sp=1734
c.500T>G,p.Leu167Arg,,500T>G,missense,Other heterozygote mutations were detected,"The L1279L mutation was detected in CFTR gene ... Other heterozygote mutations were detected: G576A, R668C.",Uncertain,"Same work-up as sp 1734; L167R (c.500T>G) patient also carries L1279L (c.3837G>A), G576A (c.1727G>C) and R668C (c.2002C>T); phase not stated -> uncertain. F508del is in the spouse, not the patient.",c.500T>G,,low,L1279L; G576A; R668C,pass2: AI (no keyword) + cis-corrected,CF-causing,1735,http://www.genet.sickkids.on.ca/MutationDetailPage.external?sp=1735
c.4243-7delT,,4375-7delT,4243-7delT,deletion,The phase of all four sequence changes is unknown,She also carries the L467F and 3030G/A polymorphisms. The phase of all four sequence changes is unknown.,Uncertain,"Text explicitly states the phase of all four sequence changes is unknown: primary 4375-7delT (c.4243-7delT), F508del, L467F (c.1399C>T) and 3030G>A. No variant can be confirmed cis; F508del is NOT stated to be on the other allele (phase unknown), so it is not confirmed trans either -> uncertain.",c.4243-7delT,,high,F508del; L467F; 3030G/A,pass1: keyword screen + cis-corrected,,1743,http://www.genet.sickkids.on.ca/MutationDetailPage.external?sp=1743
c.2968A>T,p.Thr990Ser,,2968A>T,missense,also having other reported sequence variations ... p. M470V ...,"This patient was also having other reported sequence variations c. T/G 2694, c. 3041-92G>A, p. M470V, c.1525-61 A>G of CFTR gene.",Uncertain,"T990S (c.2968A>T) patient also carries CFTR variations 2694T>G, 3041-92G>A, M470V (c.1408A>G) and 1525-61A>G; phase not stated -> uncertain. (N34S is SPINK1, not CFTR.)",c.2968A>T,,low,c. T/G 2694; c. 3041-92G>A; p. M470V; c.1525-61 A>G,pass2: AI (no keyword) + cis-corrected,,1756,http://www.genet.sickkids.on.ca/MutationDetailPage.external?sp=1756
c.1310G>T,p.Gly437Val,,1310G>T,missense,"3849+10kb/G437D, R75Q","3849+10kb/G437D, R75Q",Uncertain,"Genotype shorthand '3849+10kb/G437(V), R75Q': the slash places 3849+10kbC>T on the opposite allele from primary G437V (trans). R75Q co-occurs but with no stated phase relative to the primary, so cis vs trans is undetermined -> uncertain (candidate partner R75Q, best_hgvs c.224G>A).",c.1310G>T,3849+10kbC>T,medium,R75Q; 3849+10kb,pass2: AI (no keyword) + cis-corrected,,1766,http://www.genet.sickkids.on.ca/MutationDetailPage.external?sp=1766
c.3331_3332delinsA,p.Phe1111ThrfsX10,,3331_3332delinsA,frameshift,Also has,Also has S1235R (p.Ser1235Arg; c.3705T>G). Phase unknown,Uncertain,"Primary c.3331_3332delinsA co-occurs with S1235R (p.Ser1235Arg; c.3705T>G), but phase is explicitly stated as unknown and there is no other-allele anchor to allow a cis inference -> uncertain.",c.3331_3332delinsA,,high,S1235R; p.Ser1235Arg; c.3705T>G,pass1: keyword screen + cis-corrected,,1890,http://www.genet.sickkids.on.ca/MutationDetailPage.external?sp=1890
c.76A>G,p.Lys26Glu,,76A>G,missense,With F508del but phase unknown,With F508del but phase unknown.,Uncertain,"Primary c.76A>G (p.Lys26Glu) co-occurs with F508del, but the source explicitly states 'phase unknown.' F508del is not said to be on the other allele, so it is neither confirmed cis nor explicitly trans. Unstated phase => uncertain, not confirmed cis (candidate partner: F508del).",c.76A>G,,high,F508del,pass2: AI (no keyword) + cis-corrected,No interpretation available,1894,http://www.genet.sickkids.on.ca/MutationDetailPage.external?sp=1894
c.1680-2a>G,,,1680-2a>G,splicing (putative),phase unknown,"Nigerian male with CBAVD; also has TG11T5, phase unknown",Uncertain,"Primary c.1680-2A>G co-occurs with the intron-9 TG11-T5 tract (5T = c.1210-12T[5]), but the text explicitly says 'phase unknown.' Poly-T/TG tracts count as cis partners only when stated in cis; here phase is not stated => uncertain (candidate partner: TG11T5 / 5T).",c.1680-2a>G,,high,TG11T5,pass1: keyword screen + cis-corrected,,1927,http://www.genet.sickkids.on.ca/MutationDetailPage.external?sp=1927
c.3925C>T,p.Gln1309X,,3925C>T,nonsense,found together with,"The mutant sequence was not found in 107 other chromosomes from Brazilian CF patients and was found together with a missense mutation, R347Q.",Uncertain,"Primary Q1309X (c.3925C>T) was 'found together with' the missense mutation R347Q (candidate partner, best_hgvs c.1040G>A) with no phase stated. Given the CF phenotype this is likely a compound het (trans), but phase is not explicit, so uncertain (not yes).",c.3925C>T,,medium,R347Q,pass1: keyword screen + cis-corrected,CF-causing,1938,http://www.genet.sickkids.on.ca/MutationDetailPage.external?sp=1938
c.-347g>A,,,-347g>A,substitution (non-coding/unknown),found in the same individual,The novel variant c.3139+193_c.3139+198delTAAT was found in the same individual.,Uncertain,Primary c.-347G>A and c.3139+193_c.3139+198delTAAT were 'found in the same individual.' Same individual does not establish same allele; no phase given => uncertain (candidate partner: c.3139+193_c.3139+198delTAAT).,c.-347g>A,,medium,c.3139+193_c.3139+198delTAAT,pass2: AI (no keyword) + cis-corrected,,1940,http://www.genet.sickkids.on.ca/MutationDetailPage.external?sp=1940
c.53+212c>T,,,53+212c>T,splicing (putative),was also identified in the carrier of this mutation,p.Arg75Gln was also identified in the carrier of this mutation.,Uncertain,"p.Arg75Gln (R75Q, c.224G>A) was 'also identified in the carrier' of primary c.53+212C>T. Co-occurrence only, phase not stated => uncertain (candidate partner: R75Q).",c.53+212c>T,,medium,p.Arg75Gln,pass2: AI (no keyword) + cis-corrected,,1942,http://www.genet.sickkids.on.ca/MutationDetailPage.external?sp=1942
c.53+248g>C,,,53+248g>C,splicing (putative),was identified in the carrier of this mutation,c.2909-71G>C was identified in the carrier of this mutation.,Uncertain,"c.2909-71G>C was 'identified in the carrier' of primary c.53+248G>C. Co-occurrence only, phase not stated => uncertain (candidate partner: c.2909-71G>C).",c.53+248g>C,,medium,c.2909-71G>C,pass2: AI (no keyword) + cis-corrected,,1943,http://www.genet.sickkids.on.ca/MutationDetailPage.external?sp=1943
c.3893G>T,p.Gly1298Val,,3893G>T,missense,was identified in the carrier of this mutation,p.Ile807Met was identified in the carrier of this mutation.,Uncertain,"p.Ile807Met (I807M, c.2421A>G) was 'identified in the carrier' of primary c.3893G>T (p.Gly1298Val). Co-occurrence only, phase not stated => uncertain (candidate partner: I807M).",c.3893G>T,,medium,p.Ile807Met,pass2: AI (no keyword) + cis-corrected,No interpretation available,1957,http://www.genet.sickkids.on.ca/MutationDetailPage.external?sp=1957
c.579+38t>C,,,579+38t>C,splicing (putative),cis or trans,Its not posible determinate if both variations are in cis or trans because we have not sample of the parents.,Uncertain,"Source explicitly states it is not possible to determine whether the two variations are in cis or trans (no parental samples). The second variant is not named in the provided text. Phase explicitly undetermined => uncertain, not confirmed cis.",c.579+38t>C,,high,,pass1: keyword screen + cis-corrected,,1984,http://www.genet.sickkids.on.ca/MutationDetailPage.external?sp=1984
c.320C>A,p.Ala107Asp,,320C>A,missense,p.(Trp496Arg),p.(Trp496Arg),Uncertain,"Primary c.320C>A (p.Ala107Asp) co-occurs with p.Trp496Arg (W496R, c.1486T>C, listed in phenotype). No phase information given => uncertain (candidate partner: p.Trp496Arg).",c.320C>A,,low,p.(Trp496Arg),pass2: AI (no keyword) + cis-corrected,,2021,http://www.genet.sickkids.on.ca/MutationDetailPage.external?sp=2021
c.3393_3395delTAT,p.Ile1132del,,3393_3395delTAT,deletion (in-frame),also carries,Individual also carriers c.1584G>A variant.,Uncertain,"Primary c.3393_3395delTAT (p.Ile1132del) individual 'also carries' c.1584G>A (legacy 1716G>A, a splicing variant). Phase not stated. Affected CF (meconium ileus, sweat 115) makes trans plausible, but phase is not explicit => uncertain, not confirmed cis (candidate partner: c.1584G>A).",c.3393_3395delTAT,,medium,c.1584G>A,pass1: keyword screen + cis-corrected,,2027,http://www.genet.sickkids.on.ca/MutationDetailPage.external?sp=2027
c.2554dupT,p.Tyr852LeufsX44,,2554dupT,frameshift,found together with,"The mutant sequence was not found in 220 other chromosomes from Argentina CF patients and was found together with a splice mutation, c.2657+5G>A (2789+5G>A).",Uncertain,"Primary c.2554dupT was 'found together with' the splice mutation c.2657+5G>A (2789+5G>A) with no phase stated. Given the CF phenotype (sweat 105) this is likely a compound het (trans), but phase is not explicit, so uncertain.",c.2554dupT,,medium,c.2657+5G>A; 2789+5G>A,pass1: keyword screen + cis-corrected,,2031,http://www.genet.sickkids.on.ca/MutationDetailPage.external?sp=2031
c.146T>C,p.Leu49Pro,,146T>C,missense,found together with,"The mutant sequence was not found in 220 other chromosomes from Argentina CF patients and was found together with a nonsense mutation, (c.3484C>T, p.Arg1162*).",Uncertain,"Primary L49P (c.146T>C) was 'found together with' the nonsense mutation c.3484C>T (p.Arg1162*/R1162X) with no phase stated. Likely compound het (trans) given the CF phenotype and that R1162X is a known severe allele, but phase is not explicit, so uncertain.",c.146T>C,,medium,c.3484C>T; p.Arg1162*,pass1: keyword screen + cis-corrected,,2034,http://www.genet.sickkids.on.ca/MutationDetailPage.external?sp=2034
c.563T>C,p.Leu188Pro,,563T>C,missense,found together with,"The mutant sequence was not found in 200 other chromosomes from Belgium CF patients and was found together with a nonsense mutation, (c.1624G>T, p.Gly542*).",Uncertain,"Primary L188P (c.563T>C) reported 'found together with' the nonsense mutation G542X (c.1624G>T). Phase is not stated, so cis vs trans is unknown (unstated phase => uncertain). The CFTR-related phenotype (recurrent pancreatitis, high sweat Cl) is most consistent with a compound heterozygote (G542X likely trans), but this is not stated, so there is no confirmed cis partner. Current 'Yes' corrected to uncertain.",c.563T>C,,medium,c.1624G>T; p.Gly542*,pass1: keyword screen + cis-corrected,,2046,http://www.genet.sickkids.on.ca/MutationDetailPage.external?sp=2046
c.198_202delTCCTA,p.Asn66LysfsX4,,198_202delTCCTA,frameshift,found together with,"This deletion was not found in 220 other chromosomes from Argentina CF patients and it was found together with another classical mutation, c.2052_2053insA.",Uncertain,"Primary N66fs (c.198_202delTCCTA) 'found together with' c.2052_2053insA (legacy 2184insA). Phase not stated and the record notes 'Parents studies are in progress' (phasing not yet performed). Classic severe CF, most consistent with a compound heterozygote, but cis is not established => uncertain; no confirmed cis partner. Current 'Yes' corrected to uncertain.",c.198_202delTCCTA,,medium,c.2052_2053insA,pass1: keyword screen + cis-corrected,,2056,http://www.genet.sickkids.on.ca/MutationDetailPage.external?sp=2056
c.4243_4244insCTGT,p.Val1415AlafsX48,,4243_4244insCTGT,frameshift,found together with,The mutant sequence was found together with a c.1521_1523delCTT (p.Phe508del) mutation.,Uncertain,"Primary V1415fs (c.4243_4244insCTGT) 'found together with' F508del (c.1521_1523delCTT). Phase not stated. The classic CF infant presentation (PI, sweat Cl 100) is most consistent with an F508del/frameshift compound heterozygote (F508del likely trans), but phase is not explicitly stated => uncertain; no confirmed cis partner. Current 'Yes' corrected to uncertain.",c.4243_4244insCTGT,,medium,c.1521_1523delCTT; p.Phe508del,pass1: keyword screen + cis-corrected,No interpretation available,2060,http://www.genet.sickkids.on.ca/MutationDetailPage.external?sp=2060
c.2473_2476dupAACG,p.Glu827ArgfsX10,,2473_2476dupAACG,frameshift,also heterozygous for,The patient was also heterozygous for Gln1042ThrfsX5 mutation (c.3123dupA).,Uncertain,"Affected CF patient is heterozygous for primary c.2473_2476dupAACG (p.Glu827ArgfsX10) and 'also heterozygous for' c.3123dupA (p.Gln1042ThrfsX5). Two LOF frameshifts in an affected patient are clinically most consistent with compound heterozygosity (trans), but the text uses no explicit compound-het / other-allele wording and no HGVS trans notation, so phase is not explicitly stated => uncertain (not confirmed cis; not explicitly trans). Candidate/likely-trans partner: c.3123dupA.",c.2473_2476dupAACG,,low,Gln1042ThrfsX5; c.3123dupA,pass2: AI (no keyword) + cis-corrected,,2108,http://www.genet.sickkids.on.ca/MutationDetailPage.external?sp=2108
c.4297G>A,p.Glu1433Lys,,4297G>A,missense,also identified,Genetic report also identified the 13-5T variant.,Uncertain,"Primary c.4297G>A (p.Glu1433Lys) patient's genetic report 'also identified the 13-5T variant' (the intron-9 5T poly-T / TG-T tract allele, 5T = c.1210-12T[5]). No phase stated; poly-T counts as cis only when stated in cis => uncertain (candidate partner: 5T).",c.4297G>A,,medium,13-5T; 5T,pass1: keyword screen + cis-corrected,No interpretation available,2229,http://www.genet.sickkids.on.ca/MutationDetailPage.external?sp=2229
